surface	method	host	path	class	const	file
seller	UNKNOWN	seller.flipkart.com	/api/partnerPermissions/deletePartnerAccess	WRITE	deletePartnerAccess	remote-manageProfile-617.e9731b9e51151edcea56.js
seller	UNKNOWN	seller.flipkart.com	/napi/alphaListing/updateApprovalRequestStatus	WRITE	updateApi	alpha-seller.b0644d02331f2e51fa3f.js
seller	UNKNOWN	seller.flipkart.com	/napi/audit/updateAudit	WRITE		5700.460cdf57b00102e6f476.js
seller	UNKNOWN	seller.flipkart.com	/napi/cancelled_orders/fetchV2	WRITE	fetchApi	33.b2ae781739dbf1ef817b.js
seller	UNKNOWN	seller.flipkart.com	/napi/case-manager/getCreateTicketForm	WRITE		731.f6104eadedda7632a7ac.js
seller	UNKNOWN	seller.flipkart.com	/napi/case-manager/spf-claims	WRITE	fetchApi	966.fec518d64c26baa001d8.js
seller	UNKNOWN	seller.flipkart.com	/napi/case-manager/submitIssue	WRITE	customURL	966.fec518d64c26baa001d8.js
seller	UNKNOWN	seller.flipkart.com	/napi/case-manager/submitReply	WRITE	updateApi	966.fec518d64c26baa001d8.js
seller	UNKNOWN	seller.flipkart.com	/napi/consignment/address/add	WRITE		9258.26178f4d4422b76c6a94.js
seller	GET	seller.flipkart.com	/napi/consignment/cancel	WRITE		9258.26178f4d4422b76c6a94.js
seller	GET	seller.flipkart.com	/napi/consignment/cancelPickUp	WRITE		9258.26178f4d4422b76c6a94.js
seller	UNKNOWN	seller.flipkart.com	/napi/consignment/create/empty	WRITE		9258.26178f4d4422b76c6a94.js
seller	UNKNOWN	seller.flipkart.com	/napi/consignment/createConsignmentFromSplits	WRITE		9258.26178f4d4422b76c6a94.js
seller	UNKNOWN	seller.flipkart.com	/napi/consignment/delete	WRITE		9258.26178f4d4422b76c6a94.js
seller	UNKNOWN	seller.flipkart.com	/napi/consignment/deleteConsignmentItem	WRITE		9258.26178f4d4422b76c6a94.js
seller	UNKNOWN	seller.flipkart.com	/napi/consignment/generateSplitForIntent	WRITE		9258.26178f4d4422b76c6a94.js
seller	PUT	seller.flipkart.com	/napi/consignment/markAsDefaultAddress	WRITE		remote-manageProfile-617.e9731b9e51151edcea56.js
seller	UNKNOWN	seller.flipkart.com	/napi/consignment/scheduleConsignment	WRITE		9258.26178f4d4422b76c6a94.js
seller	UNKNOWN	seller.flipkart.com	/napi/consignment/update	WRITE		9258.26178f4d4422b76c6a94.js
seller	UNKNOWN	seller.flipkart.com	/napi/consignment/updateConsignmentAddresses	WRITE		9258.26178f4d4422b76c6a94.js
seller	UNKNOWN	seller.flipkart.com	/napi/consignment/updateConsignmentBoxInfo	WRITE		9258.26178f4d4422b76c6a94.js
seller	UNKNOWN	seller.flipkart.com	/napi/consignment/updateQCTickets	WRITE		9258.26178f4d4422b76c6a94.js
seller	UNKNOWN	seller.flipkart.com	/napi/consignment/updateRTDBoxDetails	WRITE		9258.26178f4d4422b76c6a94.js
seller	UNKNOWN	seller.flipkart.com	/napi/consignment/uploadBulkConsignment	WRITE		9258.26178f4d4422b76c6a94.js
seller	UNKNOWN	seller.flipkart.com	/napi/consignment/uploadEInvoice	WRITE		9258.26178f4d4422b76c6a94.js
seller	UNKNOWN	seller.flipkart.com	/napi/consignment/uploadEWayBill	WRITE		9258.26178f4d4422b76c6a94.js
seller	UNKNOWN	seller.flipkart.com	/napi/createProductV2/checkAutofillVerticals	WRITE		5700.460cdf57b00102e6f476.js
seller	UNKNOWN	seller.flipkart.com	/napi/createProductV2/create	WRITE		5700.460cdf57b00102e6f476.js
seller	UNKNOWN	seller.flipkart.com	/napi/createProductV2/create-variants	WRITE		5700.460cdf57b00102e6f476.js
seller	UNKNOWN	seller.flipkart.com	/napi/createProductV2/delete-variants-data	WRITE		5700.460cdf57b00102e6f476.js
seller	UNKNOWN	seller.flipkart.com	/napi/createProductV2/draft	WRITE		5700.460cdf57b00102e6f476.js
seller	UNKNOWN	seller.flipkart.com	/napi/createProductV2/fetch-autofill-external-images-status	WRITE		5700.460cdf57b00102e6f476.js
seller	UNKNOWN	seller.flipkart.com	/napi/createProductV2/fetch-autoqc-guidelines	WRITE		5700.460cdf57b00102e6f476.js
seller	UNKNOWN	seller.flipkart.com	/napi/createProductV2/fetch-conditional-mandatory-attributes	WRITE		5700.460cdf57b00102e6f476.js
seller	UNKNOWN	seller.flipkart.com	/napi/createProductV2/fetch-product-title-preview	WRITE		5700.460cdf57b00102e6f476.js
seller	UNKNOWN	seller.flipkart.com	/napi/createProductV2/fetch-variants-data	WRITE		5700.460cdf57b00102e6f476.js
seller	UNKNOWN	seller.flipkart.com	/napi/createProductV2/fetchAutofillAttributes	WRITE		5700.460cdf57b00102e6f476.js
seller	UNKNOWN	seller.flipkart.com	/napi/createProductV2/get-fsn-attributes	WRITE		5700.460cdf57b00102e6f476.js
seller	GET	seller.flipkart.com	/napi/createProductV2/get-model-vertical-guidelines	WRITE		5700.460cdf57b00102e6f476.js
seller	UNKNOWN	seller.flipkart.com	/napi/createProductV2/getPartialDraft	WRITE		5700.460cdf57b00102e6f476.js
seller	UNKNOWN	seller.flipkart.com	/napi/createProductV2/predict-vertical	WRITE		5700.460cdf57b00102e6f476.js
seller	UNKNOWN	seller.flipkart.com	/napi/createProductV2/save-recommended-vertical	WRITE		5700.460cdf57b00102e6f476.js
seller	UNKNOWN	seller.flipkart.com	/napi/createProductV2/save-variants-data	WRITE		5700.460cdf57b00102e6f476.js
seller	UNKNOWN	seller.flipkart.com	/napi/createProductV2/submit	WRITE		5700.460cdf57b00102e6f476.js
seller	UNKNOWN	seller.flipkart.com	/napi/createProductV2/updatePartial	WRITE		5700.460cdf57b00102e6f476.js
seller	UNKNOWN	seller.flipkart.com	/napi/createProductV2/v1/create-variant	WRITE		5700.460cdf57b00102e6f476.js
seller	UNKNOWN	seller.flipkart.com	/napi/createProductV2/v1/delete-variants	WRITE		5700.460cdf57b00102e6f476.js
seller	UNKNOWN	seller.flipkart.com	/napi/createProductV2/v1/fetch-variant-definition	WRITE		5700.460cdf57b00102e6f476.js
seller	GET	seller.flipkart.com	/napi/createProductV2/verticalDefinition	WRITE		5700.460cdf57b00102e6f476.js
seller	UNKNOWN	seller.flipkart.com	/napi/createProductV2/verticalDefinitionV2	WRITE		5700.460cdf57b00102e6f476.js
seller	UNKNOWN	seller.flipkart.com	/napi/document/upload	WRITE	baseUrl	5700.460cdf57b00102e6f476.js
seller	UNKNOWN	seller.flipkart.com	/napi/edit-product/create-draft	WRITE		5700.460cdf57b00102e6f476.js
seller	UNKNOWN	seller.flipkart.com	/napi/edit-product/delete-request	WRITE	deleteApi	5700.460cdf57b00102e6f476.js
seller	UNKNOWN	seller.flipkart.com	/napi/edit-product/fetchQCInProgressStatus	WRITE		5700.460cdf57b00102e6f476.js
seller	UNKNOWN	seller.flipkart.com	/napi/edit-product/get-drafts	WRITE		5700.460cdf57b00102e6f476.js
seller	UNKNOWN	seller.flipkart.com	/napi/edit-product/get-summary	WRITE		5700.460cdf57b00102e6f476.js
seller	UNKNOWN	seller.flipkart.com	/napi/edit-product/is-fsn-owner	WRITE		5700.460cdf57b00102e6f476.js
seller	UNKNOWN	seller.flipkart.com	/napi/edit-product/is-fsn-owner-bulk	WRITE		remote-802.2d4188eb748944aba10c.js
seller	UNKNOWN	seller.flipkart.com	/napi/edit-product/save-draft	WRITE		5700.460cdf57b00102e6f476.js
seller	UNKNOWN	seller.flipkart.com	/napi/edit-product/search	WRITE		4334.d6eb70a751dec8ae847d.js
seller	UNKNOWN	seller.flipkart.com	/napi/edit-product/submit-draft	WRITE		5700.460cdf57b00102e6f476.js
seller	UNKNOWN	seller.flipkart.com	/napi/fbf/mdf/seller-requirements/bulk-approve	WRITE		9258.26178f4d4422b76c6a94.js
seller	UNKNOWN	seller.flipkart.com	/napi/fbf/mdf/seller-requirements/bulk-reject	WRITE		9258.26178f4d4422b76c6a94.js
seller	GET	seller.flipkart.com	/napi/fbf/recall/delete	WRITE	updateApi	9258.26178f4d4422b76c6a94.js
seller	PUT	seller.flipkart.com	/napi/fbf/recall/submitRecallDocs	WRITE		9258.26178f4d4422b76c6a94.js
seller	UNKNOWN	seller.flipkart.com	/napi/fbf/recall/updateInvoiceCostDetails	WRITE		9258.26178f4d4422b76c6a94.js
seller	PUT	seller.flipkart.com	/napi/fbf/recall/updateMetaAddress	WRITE		9258.26178f4d4422b76c6a94.js
seller	UNKNOWN	seller.flipkart.com	/napi/fbf/recall/uploadAutoEInvoice	WRITE		9258.26178f4d4422b76c6a94.js
seller	UNKNOWN	seller.flipkart.com	/napi/fbf/recall/uploadEInvoice	WRITE		9258.26178f4d4422b76c6a94.js
seller	UNKNOWN	seller.flipkart.com	/napi/fbf/recall/uploadEInvoiceDoc	WRITE		9258.26178f4d4422b76c6a94.js
seller	UNKNOWN	seller.flipkart.com	/napi/fbf/recall/uploadInvoiceCostDetails	WRITE		9258.26178f4d4422b76c6a94.js
seller	GET	seller.flipkart.com	/napi/fbf/recall/uploadSKUErrorFile	WRITE		9258.26178f4d4422b76c6a94.js
seller	UNKNOWN	seller.flipkart.com	/napi/fbfLite/create/pick_list	WRITE	fetchApi	880.857b7aea12d938747f68.js
seller	UNKNOWN	seller.flipkart.com	/napi/fbfLite/deleteGroupListing	WRITE	updateApi	880.857b7aea12d938747f68.js
seller	UNKNOWN	seller.flipkart.com	/napi/fbfLite/downloadGroupListingEditFile	WRITE		880.857b7aea12d938747f68.js
seller	GET	seller.flipkart.com	/napi/fbfLite/shipments/is_confirm	WRITE	fetchApi	880.857b7aea12d938747f68.js
seller	UNKNOWN	seller.flipkart.com	/napi/fbfLite/uploadRecallFile	WRITE		880.857b7aea12d938747f68.js
seller	UNKNOWN	seller.flipkart.com	/napi/fbfOnboarding/fbfgstinDocumentUpload	WRITE		9258.26178f4d4422b76c6a94.js
seller	UNKNOWN	seller.flipkart.com	/napi/fbfOnboarding/generateRentalAgreement	WRITE		9258.26178f4d4422b76c6a94.js
seller	UNKNOWN	seller.flipkart.com	/napi/fbfOnboarding/saveAsDraft	WRITE		9258.26178f4d4422b76c6a94.js
seller	UNKNOWN	seller.flipkart.com	/napi/fbfOnboarding/saveTermsSelection	WRITE		9258.26178f4d4422b76c6a94.js
seller	UNKNOWN	seller.flipkart.com	/napi/fbfOnboarding/uploadDocument	WRITE		9258.26178f4d4422b76c6a94.js
seller	UNKNOWN	seller.flipkart.com	/napi/fbfOnboarding/uploadVeritas	WRITE		9258.26178f4d4422b76c6a94.js
seller	UNKNOWN	seller.flipkart.com	/napi/fbflite/generatePicklist	WRITE		880.857b7aea12d938747f68.js
seller	UNKNOWN	seller.flipkart.com	/napi/fkgrowthcapital/acceptApplication	WRITE		304.fa6a0b601c260dd26c66.js
seller	UNKNOWN	seller.flipkart.com	/napi/fkgrowthcapital/create-lead	WRITE		304.fa6a0b601c260dd26c66.js
seller	UNKNOWN	seller.flipkart.com	/napi/fkgrowthcapital/declineApplication	WRITE		304.fa6a0b601c260dd26c66.js
seller	UNKNOWN	seller.flipkart.com	/napi/fkpromo/delete-managed-listings	WRITE	deleteManagedFileApi	3404.a883c28f13dbef576c47.js
seller	UNKNOWN	seller.flipkart.com	/napi/fkpromo/fk-promotion-update-listings	WRITE	updateManagedFileApi	3404.a883c28f13dbef576c47.js
seller	UNKNOWN	seller.flipkart.com	/napi/fkpromo/fk-promotion-upload-post-opt-in	WRITE	uploadManagedFilePostOptInApi	3404.a883c28f13dbef576c47.js
seller	UNKNOWN	seller.flipkart.com	/napi/fkpromo/upload-selsub-listings	WRITE	uploadManagedFileApi	3404.a883c28f13dbef576c47.js
seller	UNKNOWN	seller.flipkart.com	/napi/fulfilment-rest/self-ship/reUploadRtoFile	WRITE		33.b2ae781739dbf1ef817b.js
seller	UNKNOWN	seller.flipkart.com	/napi/ga-content-manager/update-usage	WRITE	updateApi	966.fec518d64c26baa001d8.js
seller	UNKNOWN	seller.flipkart.com	/napi/ga/createBookmark	WRITE		731.f6104eadedda7632a7ac.js
seller	UNKNOWN	seller.flipkart.com	/napi/ga/createIncident_v2	WRITE		731.f6104eadedda7632a7ac.js
seller	UNKNOWN	seller.flipkart.com	/napi/ga/createInstanceHelpSection	WRITE		731.f6104eadedda7632a7ac.js
seller	UNKNOWN	seller.flipkart.com	/napi/ga/createInstance_v2	WRITE		731.f6104eadedda7632a7ac.js
seller	UNKNOWN	seller.flipkart.com	/napi/ga/deleteBookmark	WRITE		731.f6104eadedda7632a7ac.js
seller	UNKNOWN	seller.flipkart.com	/napi/ga/deleteInstance	WRITE		731.f6104eadedda7632a7ac.js
seller	UNKNOWN	seller.flipkart.com	/napi/ga/getBookmarks	WRITE		731.f6104eadedda7632a7ac.js
seller	UNKNOWN	seller.flipkart.com	/napi/ga/getBulkUploadStatus	WRITE		731.f6104eadedda7632a7ac.js
seller	UNKNOWN	seller.flipkart.com	/napi/ga/submitSurvey	WRITE	updateApi	966.fec518d64c26baa001d8.js
seller	UNKNOWN	seller.flipkart.com	/napi/ga/uploadAttachment	WRITE		731.f6104eadedda7632a7ac.js
seller	UNKNOWN	seller.flipkart.com	/napi/getHomePageUpdates	WRITE	fetchApi	remote-coe-271.b947b95ea27b267f0117.js
seller	GET	seller.flipkart.com	/napi/image-enricher/createDraft	WRITE		5700.460cdf57b00102e6f476.js
seller	GET	seller.flipkart.com	/napi/image-enricher/createPayment	WRITE		5700.460cdf57b00102e6f476.js
seller	GET	seller.flipkart.com	/napi/image-enricher/saveDraft	WRITE		5700.460cdf57b00102e6f476.js
seller	GET	seller.flipkart.com	/napi/image-enricher/submitDraft	WRITE		5700.460cdf57b00102e6f476.js
seller	UNKNOWN	seller.flipkart.com	/napi/inventory-rest/recall/BulkRecallFileUpload	WRITE		9258.26178f4d4422b76c6a94.js
seller	UNKNOWN	seller.flipkart.com	/napi/lbhw/updateV2	WRITE	updateApi	33.b2ae781739dbf1ef817b.js
seller	UNKNOWN	seller.flipkart.com	/napi/listing/addToGroup	WRITE		remote-802.2d4188eb748944aba10c.js
seller	UNKNOWN	seller.flipkart.com	/napi/listing/bulk-edit-rate-limit	WRITE		remote-345.87db87b7d58f48047a28.js
seller	UNKNOWN	seller.flipkart.com	/napi/listing/create-update-listings	WRITE		731.f6104eadedda7632a7ac.js
seller	UNKNOWN	seller.flipkart.com	/napi/listing/deleteFeed	WRITE		5700.460cdf57b00102e6f476.js
seller	GET	seller.flipkart.com	/napi/listing/deleteRequest	WRITE	deleteApi	5700.460cdf57b00102e6f476.js
seller	UNKNOWN	seller.flipkart.com	/napi/listing/downloadReport	EXPORT		remote-listingsManagement-843.ac90229ed823f8648971.js
seller	UNKNOWN	seller.flipkart.com	/napi/listing/enqueueDownload	EXPORT		remote-345.87db87b7d58f48047a28.js
seller	UNKNOWN	seller.flipkart.com	/napi/listing/feed-listings-created/search	WRITE		5700.460cdf57b00102e6f476.js
seller	UNKNOWN	seller.flipkart.com	/napi/listing/image-uploader/feed-vc-action	WRITE		5700.460cdf57b00102e6f476.js
seller	UNKNOWN	seller.flipkart.com	/napi/listing/image-uploader/feed-vc-predict	WRITE		5700.460cdf57b00102e6f476.js
seller	GET	seller.flipkart.com	/napi/listing/image-uploader/images	WRITE		5700.460cdf57b00102e6f476.js
seller	UNKNOWN	seller.flipkart.com	/napi/listing/image-uploader/request-download-images-catalog-file	WRITE		5700.460cdf57b00102e6f476.js
seller	GET	seller.flipkart.com	/napi/listing/image-uploader/requested-images-catalog-file-download-status	WRITE		5700.460cdf57b00102e6f476.js
seller	UNKNOWN	seller.flipkart.com	/napi/listing/image-uploader/save-images	WRITE		5700.460cdf57b00102e6f476.js
seller	GET	seller.flipkart.com	/napi/listing/image-uploader/sku	WRITE		5700.460cdf57b00102e6f476.js
seller	UNKNOWN	seller.flipkart.com	/napi/listing/instantCatalogUploadStatus	WRITE		5700.460cdf57b00102e6f476.js
seller	UNKNOWN	seller.flipkart.com	/napi/listing/lqs-price-reco-update	WRITE		2056.20eacbab222e3f0033e8.js
seller	UNKNOWN	seller.flipkart.com	/napi/listing/lqs-return-reco-update	WRITE		2056.20eacbab222e3f0033e8.js
seller	UNKNOWN	seller.flipkart.com	/napi/listing/mspEnabled	WRITE	fetchApi	90.4722bfd3fec2521faf2e.js
seller	UNKNOWN	seller.flipkart.com	/napi/listing/priceUpdateHistory	WRITE		remote-345.87db87b7d58f48047a28.js
seller	UNKNOWN	seller.flipkart.com	/napi/listing/removeFromGroup	WRITE		remote-802.2d4188eb748944aba10c.js
seller	UNKNOWN	seller.flipkart.com	/napi/listing/report/generate-report	EXPORT		remote-listingsManagement-843.ac90229ed823f8648971.js
seller	UNKNOWN	seller.flipkart.com	/napi/listing/return-reason-updated-time-duration	WRITE		remote-listingsManagement-843.ac90229ed823f8648971.js
seller	UNKNOWN	seller.flipkart.com	/napi/listing/return-reco-update	WRITE		remote-listingsManagement-843.ac90229ed823f8648971.js
seller	UNKNOWN	seller.flipkart.com	/napi/listing/saveVerticalPredictionsResponse	WRITE		5700.460cdf57b00102e6f476.js
seller	UNKNOWN	seller.flipkart.com	/napi/listing/settlement-commissions	WRITE		731.f6104eadedda7632a7ac.js
seller	UNKNOWN	seller.flipkart.com	/napi/listing/settlement-commissions-landing-forward-flow-zone	WRITE		remote-802.2d4188eb748944aba10c.js
seller	UNKNOWN	seller.flipkart.com	/napi/listing/stockFileDownloadNUploadHistory	WRITE		remote-345.87db87b7d58f48047a28.js
seller	UNKNOWN	seller.flipkart.com	/napi/listing/stockFileUploadRequestStatus	WRITE		remote-345.87db87b7d58f48047a28.js
seller	UNKNOWN	seller.flipkart.com	/napi/listing/submit-size-chart	WRITE	updateApi	remote-listingsManagement-307.b261693db46ec914efad.js
seller	UNKNOWN	seller.flipkart.com	/napi/listing/update-moq-fsp	WRITE		3464.cdf8e4ca098a1a73e48a.js
seller	UNKNOWN	seller.flipkart.com	/napi/listing/update-size-chart	WRITE	updateWithPutApi	remote-listingsManagement-307.b261693db46ec914efad.js
seller	UNKNOWN	seller.flipkart.com	/napi/listing/updateInventory	WRITE		remote-345.87db87b7d58f48047a28.js
seller	UNKNOWN	seller.flipkart.com	/napi/listing/updateSellingPrice	WRITE		3750.0df68f127a9462052f7b.js
seller	UNKNOWN	seller.flipkart.com	/napi/listing/uploadCatalogFileV2	WRITE		5700.460cdf57b00102e6f476.js
seller	UNKNOWN	seller.flipkart.com	/napi/listing/uploadGroupingFile	WRITE		remote-345.87db87b7d58f48047a28.js
seller	UNKNOWN	seller.flipkart.com	/napi/listing/uploadStockFile	WRITE		remote-345.87db87b7d58f48047a28.js
seller	UNKNOWN	seller.flipkart.com	/napi/listing/video-context-create	WRITE		remote-listingsManagement-843.ac90229ed823f8648971.js
seller	UNKNOWN	seller.flipkart.com	/napi/listingVideos/upload-video-chunk	WRITE		5700.460cdf57b00102e6f476.js
seller	UNKNOWN	seller.flipkart.com	/napi/listings-rest/fashion-trends-bulk-upload	WRITE		4334.d6eb70a751dec8ae847d.js
seller	GET	seller.flipkart.com	/napi/manageProfile/addSellerHoliday	WRITE	submitUrl	remote-manageProfile-617.e9731b9e51151edcea56.js
seller	UNKNOWN	seller.flipkart.com	/napi/manageProfile/create-	WRITE	updateApi	remote-manageProfile-617.e9731b9e51151edcea56.js
seller	UNKNOWN	seller.flipkart.com	/napi/manageProfile/createRegisteredApplication	WRITE	updateApi	remote-manageProfile-617.e9731b9e51151edcea56.js
seller	UNKNOWN	seller.flipkart.com	/napi/manageProfile/deleteAccountWithOtp	WRITE	updateApi	remote-manageProfile-617.e9731b9e51151edcea56.js
seller	UNKNOWN	seller.flipkart.com	/napi/manageProfile/deleteAllAppSession	WRITE		remote-manageProfile-617.e9731b9e51151edcea56.js
seller	UNKNOWN	seller.flipkart.com	/napi/manageProfile/deleteAppSession	WRITE		remote-manageProfile-617.e9731b9e51151edcea56.js
seller	UNKNOWN	seller.flipkart.com	/napi/manageProfile/deleteCalendarHolidays	WRITE	submitUrl	remote-manageProfile-617.e9731b9e51151edcea56.js
seller	UNKNOWN	seller.flipkart.com	/napi/manageProfile/deleteOtherAppSession	WRITE		remote-manageProfile-617.e9731b9e51151edcea56.js
seller	UNKNOWN	seller.flipkart.com	/napi/manageProfile/deleteRegisteredApplication	WRITE		remote-manageProfile-617.e9731b9e51151edcea56.js
seller	UNKNOWN	seller.flipkart.com	/napi/manageProfile/dummyFileUpload-multilocation	WRITE	updateApi	remote-manageProfile-617.e9731b9e51151edcea56.js
seller	UNKNOWN	seller.flipkart.com	/napi/manageProfile/fileUpload	WRITE		remote-835.7ee13e4db62466071a4a.js
seller	UNKNOWN	seller.flipkart.com	/napi/manageProfile/generateOTPSelfServePhone	WRITE	updateApi	remote-manageProfile-617.e9731b9e51151edcea56.js
seller	UNKNOWN	seller.flipkart.com	/napi/manageProfile/generateOtp	WRITE	updateApi	remote-manageProfile-617.e9731b9e51151edcea56.js
seller	GET	seller.flipkart.com	/napi/manageProfile/getRegisteredApplications	WRITE		remote-manageProfile-617.e9731b9e51151edcea56.js
seller	UNKNOWN	seller.flipkart.com	/napi/manageProfile/revokeRegisteredApplication	WRITE		remote-manageProfile-617.e9731b9e51151edcea56.js
seller	UNKNOWN	seller.flipkart.com	/napi/manageProfile/rules-confirmation	WRITE	updateApi	remote-manageProfile-617.e9731b9e51151edcea56.js
seller	UNKNOWN	seller.flipkart.com	/napi/manageProfile/saveLogisticsSetting	WRITE	submitUrl	remote-manageProfile-617.e9731b9e51151edcea56.js
seller	UNKNOWN	seller.flipkart.com	/napi/manageProfile/submitEmailDetails	WRITE	submitUrl	remote-manageProfile-617.e9731b9e51151edcea56.js
seller	UNKNOWN	seller.flipkart.com	/napi/manageProfile/update-gstin-loc-details	WRITE	fetchApi	remote-manageProfile-617.e9731b9e51151edcea56.js
seller	UNKNOWN	seller.flipkart.com	/napi/manageProfile/updateBankDetails	WRITE	submitUrl	remote-manageProfile-617.e9731b9e51151edcea56.js
seller	UNKNOWN	seller.flipkart.com	/napi/manageProfile/updateBusinessDetails	WRITE	submitUrl	remote-manageProfile-617.e9731b9e51151edcea56.js
seller	UNKNOWN	seller.flipkart.com	/napi/manageProfile/updateContactDetails	WRITE	submitUrl	remote-manageProfile-617.e9731b9e51151edcea56.js
seller	UNKNOWN	seller.flipkart.com	/napi/manageProfile/updateDisplayDetails	WRITE	submitUrl	remote-manageProfile-617.e9731b9e51151edcea56.js
seller	UNKNOWN	seller.flipkart.com	/napi/manageProfile/updateEmailOtp	WRITE	updateApi	remote-manageProfile-617.e9731b9e51151edcea56.js
seller	UNKNOWN	seller.flipkart.com	/napi/manageProfile/updateFADetails	WRITE	submitUrl	remote-manageProfile-617.e9731b9e51151edcea56.js
seller	UNKNOWN	seller.flipkart.com	/napi/manageProfile/updateGstin	WRITE		remote-manageProfile-617.e9731b9e51151edcea56.js
seller	UNKNOWN	seller.flipkart.com	/napi/manageProfile/updateInvoiceAddress	WRITE		remote-manageProfile-617.e9731b9e51151edcea56.js
seller	GET	seller.flipkart.com	/napi/manageProfile/updateOTPSelfServePhone	WRITE	submitUrl	remote-manageProfile-617.e9731b9e51151edcea56.js
seller	UNKNOWN	seller.flipkart.com	/napi/manageProfile/updatePocDetails	WRITE	updateApi	remote-manageProfile-617.e9731b9e51151edcea56.js
seller	UNKNOWN	seller.flipkart.com	/napi/manageProfile/updateSellerPreference	WRITE	updateApi	remote-manageProfile-617.e9731b9e51151edcea56.js
seller	UNKNOWN	seller.flipkart.com	/napi/manageProfile/updateTwoFactorDetails/v2	WRITE	updateApi	remote-manageProfile-617.e9731b9e51151edcea56.js
seller	UNKNOWN	seller.flipkart.com	/napi/manageProfile/updateWorkingHours	WRITE	submitUrl	remote-manageProfile-617.e9731b9e51151edcea56.js
seller	UNKNOWN	seller.flipkart.com	/napi/mark-all-notifications	WRITE	updateApi	90.4722bfd3fec2521faf2e.js
seller	UNKNOWN	seller.flipkart.com	/napi/metrics-rest/category-mandate/settlement-file/initiate	WRITE		3750.0df68f127a9462052f7b.js
seller	GET	seller.flipkart.com	/napi/metrics-rest/category-mandate/settlement-file/poll	WRITE		3750.0df68f127a9462052f7b.js
seller	UNKNOWN	seller.flipkart.com	/napi/metrics-rest/competitor-products/bulk-upload	WRITE		484.a77f6a5493c8736e2163.js
seller	UNKNOWN	seller.flipkart.com	/napi/metrics-rest/settlement-template-upload/	WRITE		3750.0df68f127a9462052f7b.js
seller	UNKNOWN	seller.flipkart.com	/napi/metrics-rest/settlement-updated-file-upload/	WRITE		3750.0df68f127a9462052f7b.js
seller	UNKNOWN	seller.flipkart.com	/napi/metrics/bizReport/category/generatedReports	WRITE	generatedReportsFetchApi	484.a77f6a5493c8736e2163.js
seller	PUT	seller.flipkart.com	/napi/metrics/bizReport/deleteScheduledReport	WRITE		171.83ac6fa44938bd3d361c.js
seller	UNKNOWN	seller.flipkart.com	/napi/metrics/bizReport/downloadReport	EXPORT		304.fa6a0b601c260dd26c66.js
seller	UNKNOWN	seller.flipkart.com	/napi/metrics/bizReport/downloadReport/	EXPORT		171.83ac6fa44938bd3d361c.js
seller	PUT	seller.flipkart.com	/napi/metrics/bizReport/editScheduledReport	WRITE		171.83ac6fa44938bd3d361c.js
seller	UNKNOWN	seller.flipkart.com	/napi/metrics/bizReport/generatedReportsCount	EXPORT	fetchGeneratedReportsCountApi	484.a77f6a5493c8736e2163.js
seller	GET	seller.flipkart.com	/napi/metrics/bizReport/getScheduledReports	WRITE		171.83ac6fa44938bd3d361c.js
seller	UNKNOWN	seller.flipkart.com	/napi/metrics/bizReport/report/generate-report	EXPORT	GENERATE_API	3750.0df68f127a9462052f7b.js
seller	UNKNOWN	seller.flipkart.com	/napi/metrics/bizReport/report/generateCatalogueReport	EXPORT	GENERATE_API	3750.0df68f127a9462052f7b.js
seller	UNKNOWN	seller.flipkart.com	/napi/metrics/bizReport/report/generateConversionReport	EXPORT	GENERATE_API	3750.0df68f127a9462052f7b.js
seller	UNKNOWN	seller.flipkart.com	/napi/metrics/bizReport/report/generateInventoryReport	EXPORT	fetchApi	568.6240cd028e3ec8a1a88a.js
seller	UNKNOWN	seller.flipkart.com	/napi/metrics/bizReport/report/generateLatchOnReport	EXPORT	GENERATE_API	3750.0df68f127a9462052f7b.js
seller	UNKNOWN	seller.flipkart.com	/napi/metrics/bizReport/report/generateOrdersReport	EXPORT	GENERATE_API	484.a77f6a5493c8736e2163.js
seller	UNKNOWN	seller.flipkart.com	/napi/metrics/bizReport/report/generateOrdersReportOutput	EXPORT	GENERATE_API	484.a77f6a5493c8736e2163.js
seller	UNKNOWN	seller.flipkart.com	/napi/metrics/bizReport/report/generatePriceRecoReport	EXPORT		3750.0df68f127a9462052f7b.js
seller	UNKNOWN	seller.flipkart.com	/napi/metrics/bizReport/report/generateReport	EXPORT	GENERATE_API	484.a77f6a5493c8736e2163.js
seller	UNKNOWN	seller.flipkart.com	/napi/metrics/bizReport/report/generateReturnsReport	EXPORT	GENERATE_API	3750.0df68f127a9462052f7b.js
seller	UNKNOWN	seller.flipkart.com	/napi/metrics/bizReport/report/generateSettelmentPriceRecoReport	EXPORT		3750.0df68f127a9462052f7b.js
seller	UNKNOWN	seller.flipkart.com	/napi/metrics/bizReport/report/generatedReports	EXPORT	generatedReportsFetchApi	484.a77f6a5493c8736e2163.js
seller	PUT	seller.flipkart.com	/napi/metrics/bizReport/retryReports	WRITE		171.83ac6fa44938bd3d361c.js
seller	GET	seller.flipkart.com	/napi/metrics/bizReport/submitReport	WRITE		171.83ac6fa44938bd3d361c.js
seller	UNKNOWN	seller.flipkart.com	/napi/metrics/darwin/updateQuetionnaireResponse	WRITE		3750.0df68f127a9462052f7b.js
seller	UNKNOWN	seller.flipkart.com	/napi/metrics/insight/priceRecommendationUpdate	WRITE	priceRecommendationUpdateRequestURL	3750.0df68f127a9462052f7b.js
seller	UNKNOWN	seller.flipkart.com	/napi/metrics/insight/pricing/automation/create-rule	WRITE		3750.0df68f127a9462052f7b.js
seller	UNKNOWN	seller.flipkart.com	/napi/metrics/insight/pricing/automation/delete-rule	WRITE		3750.0df68f127a9462052f7b.js
seller	UNKNOWN	seller.flipkart.com	/napi/metrics/insight/pricing/automation/update-rule	WRITE		3750.0df68f127a9462052f7b.js
seller	UNKNOWN	seller.flipkart.com	/napi/metrics/insight/updateOosInsightData	WRITE		484.a77f6a5493c8736e2163.js
seller	UNKNOWN	seller.flipkart.com	/napi/metrics/priceRecoFileUploadRequestStatus	WRITE	PRICE_RECO_FILE_UPLOAD_STATUS	3750.0df68f127a9462052f7b.js
seller	UNKNOWN	seller.flipkart.com	/napi/metrics/sbpPriceRecoFileUploadStatus	WRITE		3750.0df68f127a9462052f7b.js
seller	UNKNOWN	seller.flipkart.com	/napi/metrics/uploadDocumentImage	WRITE		484.a77f6a5493c8736e2163.js
seller	UNKNOWN	seller.flipkart.com	/napi/metrics/uploadPriceRecoFile	WRITE	PRICE_RECO_FILE_UPLOAD_API	3750.0df68f127a9462052f7b.js
seller	UNKNOWN	seller.flipkart.com	/napi/metrics/uploadPriceRecoSbpFile	WRITE		3750.0df68f127a9462052f7b.js
seller	UNKNOWN	seller.flipkart.com	/napi/my-orders/bulk-orders-upload-validation	WRITE	fetchApi	33.b2ae781739dbf1ef817b.js
seller	UNKNOWN	seller.flipkart.com	/napi/my-orders/upload-bulk-orders	WRITE		33.b2ae781739dbf1ef817b.js
seller	UNKNOWN	seller.flipkart.com	/napi/myp/create-promotion	WRITE	createApi	166.d0610b90d3ae6c69c8c0.js
seller	UNKNOWN	seller.flipkart.com	/napi/myp/delete-uploaded-listings	WRITE	deleteUploadedFile	166.d0610b90d3ae6c69c8c0.js
seller	UNKNOWN	seller.flipkart.com	/napi/myp/enable-disable-promotion	WRITE	enableDisableApi	166.d0610b90d3ae6c69c8c0.js
seller	UNKNOWN	seller.flipkart.com	/napi/notifications/update	WRITE	updateApi	remote-coe-271.b947b95ea27b267f0117.js
seller	UNKNOWN	seller.flipkart.com	/napi/onboarding/generateOtpMobile	WRITE	checkNumberExistence	414.878c0ddff2f50b2b6b01.js
seller	UNKNOWN	seller.flipkart.com	/napi/onboarding/updateBookSellerBusinessDetails	WRITE		remote-835.7ee13e4db62466071a4a.js
seller	UNKNOWN	seller.flipkart.com	/napi/onboarding/updateSellerBankDetailsV3	WRITE		remote-835.7ee13e4db62466071a4a.js
seller	UNKNOWN	seller.flipkart.com	/napi/orders/cancel	WRITE	updateApi	33.b2ae781739dbf1ef817b.js
seller	GET	seller.flipkart.com	/napi/orders/downloadLabelsCreatedV2	WRITE	downloadApi	33.b2ae781739dbf1ef817b.js
seller	UNKNOWN	seller.flipkart.com	/napi/payments-rest/photoView	WRITE	PHOTO_VIEW_ENDPOINT	304.fa6a0b601c260dd26c66.js
seller	UNKNOWN	seller.flipkart.com	/napi/payments-rest/uploadSpfClaimFile	WRITE		540.2ba52339eb385139a876.js
seller	GET	seller.flipkart.com	/napi/payments/checkFyReportAvailableV2	WRITE		171.83ac6fa44938bd3d361c.js
seller	UNKNOWN	seller.flipkart.com	/napi/payments/downloadSellerStatements	WRITE		304.fa6a0b601c260dd26c66.js
seller	GET	seller.flipkart.com	/napi/payments/fetchBlockStatus	WRITE		304.fa6a0b601c260dd26c66.js
seller	UNKNOWN	seller.flipkart.com	/napi/payments/fetchLastPaymentDetails	WRITE		304.fa6a0b601c260dd26c66.js
seller	UNKNOWN	seller.flipkart.com	/napi/payments/fetchOutstandingPaymentDetails	WRITE		304.fa6a0b601c260dd26c66.js
seller	GET	seller.flipkart.com	/napi/payments/fetchSellerStatement	WRITE		304.fa6a0b601c260dd26c66.js
seller	UNKNOWN	seller.flipkart.com	/napi/price-scheduling/priceRuleCreate	WRITE	kRe	484.a77f6a5493c8736e2163.js
seller	UNKNOWN	seller.flipkart.com	/napi/price-scheduling/priceRuleUpdate	WRITE	NRe	484.a77f6a5493c8736e2163.js
seller	UNKNOWN	seller.flipkart.com	/napi/pricing/approvePriceApproval	WRITE	approveApi	794.65937a9373b69908c37f.js
seller	UNKNOWN	seller.flipkart.com	/napi/pricing/createPriceApprovalJob	WRITE	createPriceApprovalJob	794.65937a9373b69908c37f.js
seller	UNKNOWN	seller.flipkart.com	/napi/pricing/disapproveApprovedListings	WRITE	disapproveApprovedListings	794.65937a9373b69908c37f.js
seller	UNKNOWN	seller.flipkart.com	/napi/pricing/disapprovePriceApproval	WRITE	disapproveApi	794.65937a9373b69908c37f.js
seller	UNKNOWN	seller.flipkart.com	/napi/pricing/updateLPOverride	WRITE	updateLPOverride	794.65937a9373b69908c37f.js
seller	UNKNOWN	seller.flipkart.com	/napi/putlist/addItems	WRITE		880.857b7aea12d938747f68.js
seller	UNKNOWN	seller.flipkart.com	/napi/putlist/createPutlist	WRITE		880.857b7aea12d938747f68.js
seller	UNKNOWN	seller.flipkart.com	/napi/putlist/deleteItem	WRITE		880.857b7aea12d938747f68.js
seller	UNKNOWN	seller.flipkart.com	/napi/putlist/updateLBHW	WRITE		880.857b7aea12d938747f68.js
seller	UNKNOWN	seller.flipkart.com	/napi/qnaStore/submit	WRITE		5700.460cdf57b00102e6f476.js
seller	UNKNOWN	seller.flipkart.com	/napi/returns/cancelReturn	WRITE	updateApi	887.8eeb808f4df68a93157c.js
seller	UNKNOWN	seller.flipkart.com	/napi/returns/downloadExportReport	EXPORT		887.8eeb808f4df68a93157c.js
seller	GET	seller.flipkart.com	/napi/returns/fetchExportStatus	EXPORT		887.8eeb808f4df68a93157c.js
seller	UNKNOWN	seller.flipkart.com	/napi/returns/triggerExport	EXPORT	fetchApi	887.8eeb808f4df68a93157c.js
seller	UNKNOWN	seller.flipkart.com	/napi/riddler/bookmarkQuestion	WRITE		sellerQnA.d71ecf8d613ae6e86754.js
seller	GET	seller.flipkart.com	/napi/riddler/fetchAssignedFsnsForSeller	WRITE		sellerQnA.d71ecf8d613ae6e86754.js
seller	UNKNOWN	seller.flipkart.com	/napi/riddler/fetchAssignedQuestionsCount	WRITE	fetchApi	90.4722bfd3fec2521faf2e.js
seller	GET	seller.flipkart.com	/napi/riddler/fetchAssignedQuestionsForProduct	WRITE		sellerQnA.d71ecf8d613ae6e86754.js
seller	UNKNOWN	seller.flipkart.com	/napi/scf/uploadImage	WRITE		5700.460cdf57b00102e6f476.js
seller	UNKNOWN	seller.flipkart.com	/napi/selfship-returns/return-acknowledge	WRITE	updateApi	887.8eeb808f4df68a93157c.js
seller	UNKNOWN	seller.flipkart.com	/napi/selfship-returns/return-cancel	WRITE	updateApi	887.8eeb808f4df68a93157c.js
seller	UNKNOWN	seller.flipkart.com	/napi/selfship/updateShipment	WRITE	updateApi	33.b2ae781739dbf1ef817b.js
seller	POST	seller.flipkart.com	/napi/selfship/uploadBulkDispatchFile	WRITE		33.b2ae781739dbf1ef817b.js
seller	UNKNOWN	seller.flipkart.com	/napi/selfship_returns/update_tech_visit	WRITE		887.8eeb808f4df68a93157c.js
seller	UNKNOWN	seller.flipkart.com	/napi/seller-insightsV2/bookmark-product-opportunity	WRITE		4334.d6eb70a751dec8ae847d.js
seller	UNKNOWN	seller.flipkart.com	/napi/seller-insightsV2/bookmarks-product-opportunities-v2	WRITE		4334.d6eb70a751dec8ae847d.js
seller	GET	seller.flipkart.com	/napi/seller-insightsV2/downloadReport/	EXPORT		5700.460cdf57b00102e6f476.js
seller	UNKNOWN	seller.flipkart.com	/napi/seller-insightsV2/report/generateReport	EXPORT		4334.d6eb70a751dec8ae847d.js
seller	UNKNOWN	seller.flipkart.com	/napi/seller-insightsV2/unbookmark-product-opportunity	WRITE		4334.d6eb70a751dec8ae847d.js
seller	UNKNOWN	seller.flipkart.com	/napi/seller-insightsV2/update-seller-intent-msku-opportunities	WRITE		4334.d6eb70a751dec8ae847d.js
seller	UNKNOWN	seller.flipkart.com	/napi/seller-insightsV2/update-seller-profile	WRITE		4334.d6eb70a751dec8ae847d.js
seller	UNKNOWN	seller.flipkart.com	/napi/seller-products/bulk-edit/delete-feed	WRITE		5700.460cdf57b00102e6f476.js
seller	UNKNOWN	seller.flipkart.com	/napi/seller-products/bulk-edit/download-history	WRITE		remote-345.87db87b7d58f48047a28.js
seller	UNKNOWN	seller.flipkart.com	/napi/seller-products/bulk-edit/request-error-file	WRITE		5700.460cdf57b00102e6f476.js
seller	UNKNOWN	seller.flipkart.com	/napi/seller-products/bulk-edit/request-file	WRITE		remote-345.87db87b7d58f48047a28.js
seller	UNKNOWN	seller.flipkart.com	/napi/seller-products/bulk-edit/requested-error-file-status	WRITE		5700.460cdf57b00102e6f476.js
seller	UNKNOWN	seller.flipkart.com	/napi/seller-products/bulk-edit/requested-file-status	WRITE		remote-345.87db87b7d58f48047a28.js
seller	UNKNOWN	seller.flipkart.com	/napi/seller-products/bulk-edit/search	WRITE		5700.460cdf57b00102e6f476.js
seller	UNKNOWN	seller.flipkart.com	/napi/seller-products/bulk-edit/upload-file	WRITE		5700.460cdf57b00102e6f476.js
seller	UNKNOWN	seller.flipkart.com	/napi/seller-products/bulk-edit/upload-status	WRITE		5700.460cdf57b00102e6f476.js
seller	UNKNOWN	seller.flipkart.com	/napi/sellerBuyerCommunications/createConversation	WRITE	updateApi	660.a1a4ffb722623c630605.js
seller	UNKNOWN	seller.flipkart.com	/napi/sellerBuyerCommunications/createSirIncidents	WRITE	updateApi	660.a1a4ffb722623c630605.js
seller	UNKNOWN	seller.flipkart.com	/napi/sellerBuyerCommunications/isSellerEnabled	WRITE	fetchApi	90.4722bfd3fec2521faf2e.js
seller	UNKNOWN	seller.flipkart.com	/napi/sellerBuyerCommunications/proposeCancellation	WRITE	updateApi	660.a1a4ffb722623c630605.js
seller	UNKNOWN	seller.flipkart.com	/napi/sellerBuyerCommunications/updateActor	WRITE	updateApi	660.a1a4ffb722623c630605.js
seller	UNKNOWN	seller.flipkart.com	/napi/sellerBuyerCommunications/updateActorState	WRITE	updateApi	9072.fb3d110856bae8b9cb01.js
seller	UNKNOWN	seller.flipkart.com	/napi/sellerBuyerCommunications/updateConversation	WRITE	updateApi	660.a1a4ffb722623c630605.js
seller	UNKNOWN	seller.flipkart.com	/napi/sellerPromotions/uploaded-listings-status	WRITE	fileUploadStatus	166.d0610b90d3ae6c69c8c0.js
seller	UNKNOWN	seller.flipkart.com	/napi/sfx/address/add	WRITE	updateApi	9258.26178f4d4422b76c6a94.js
seller	UNKNOWN	seller.flipkart.com	/napi/sfx/bulkStockUpdateProcessStatus	WRITE		568.6240cd028e3ec8a1a88a.js
seller	UNKNOWN	seller.flipkart.com	/napi/sfx/bulkStockUpdateProcessStatusV2	WRITE		568.6240cd028e3ec8a1a88a.js
seller	UNKNOWN	seller.flipkart.com	/napi/sfx/processBulkStockUpdateFile	WRITE		568.6240cd028e3ec8a1a88a.js
seller	UNKNOWN	seller.flipkart.com	/napi/sfx/processBulkStockUpdateFileV2	WRITE		568.6240cd028e3ec8a1a88a.js
seller	UNKNOWN	seller.flipkart.com	/napi/sfx/reports/generateReport	EXPORT	updateApi	9258.26178f4d4422b76c6a94.js
seller	UNKNOWN	seller.flipkart.com	/napi/sfx/reports/getGeneratedReports	WRITE	fetchApi	9258.26178f4d4422b76c6a94.js
seller	UNKNOWN	seller.flipkart.com	/napi/sfx/seller/bulk/recall/confirm	WRITE	updateApi	9258.26178f4d4422b76c6a94.js
seller	GET	seller.flipkart.com	/napi/sfx/seller/bulk/recall/delete	WRITE	updateApi	9258.26178f4d4422b76c6a94.js
seller	UNKNOWN	seller.flipkart.com	/napi/sfx/streamBulkStockUpdateFile	WRITE		568.6240cd028e3ec8a1a88a.js
seller	UNKNOWN	seller.flipkart.com	/napi/sfx/triggerStockUpdateDownload	WRITE		568.6240cd028e3ec8a1a88a.js
seller	UNKNOWN	seller.flipkart.com	/napi/sfx/updateListingsInventory	WRITE		568.6240cd028e3ec8a1a88a.js
seller	UNKNOWN	seller.flipkart.com	/napi/sfx/updateListingsInventoryViaSigs	WRITE		484.a77f6a5493c8736e2163.js
seller	UNKNOWN	seller.flipkart.com	/napi/sfx/uploadBulkConsignment	WRITE		568.6240cd028e3ec8a1a88a.js
seller	UNKNOWN	seller.flipkart.com	/napi/sfx/uploadRecallFile	WRITE		568.6240cd028e3ec8a1a88a.js
seller	UNKNOWN	seller.flipkart.com	/napi/shipments/cancel	WRITE		33.b2ae781739dbf1ef817b.js
seller	UNKNOWN	seller.flipkart.com	/napi/shipments/confirmPackStatus	WRITE	fetchApi	33.b2ae781739dbf1ef817b.js
seller	UNKNOWN	seller.flipkart.com	/napi/shipments/update_form_ack	WRITE	updateApi	33.b2ae781739dbf1ef817b.js
seller	UNKNOWN	seller.flipkart.com	/napi/srm/submitQuestionnaireV3	WRITE	submitQuestionnaire	90.4722bfd3fec2521faf2e.js
seller	UNKNOWN	seller.flipkart.com	/napi/srm/submitSkippedQuestionnaireV3	WRITE	submitSkippedQuestionnaire	90.4722bfd3fec2521faf2e.js
seller	UNKNOWN	seller.flipkart.com	/napi/srm/updateClosedQuestionnaire	WRITE	updateClosedQuestionnaire	90.4722bfd3fec2521faf2e.js
seller	UNKNOWN	seller.flipkart.com	/napi/tds/getClaimEligibilty	WRITE		731.f6104eadedda7632a7ac.js
seller	UNKNOWN	seller.flipkart.com	/napi/tds/getClaimHistory	WRITE		731.f6104eadedda7632a7ac.js
seller	UNKNOWN	seller.flipkart.com	/napi/tds/getTDSClaimData	WRITE	fetchApi	966.fec518d64c26baa001d8.js
seller	UNKNOWN	seller.flipkart.com	/napi/tds/postTdsUploadData	WRITE		731.f6104eadedda7632a7ac.js
seller	UNKNOWN	seller.flipkart.com	/napi/ugc/submitAnswer	WRITE		remote-345.87db87b7d58f48047a28.js
vendorhub	UNKNOWN	vendorhub.flipkart.com	/ryuk/v1/document/bulk_upload_template/client_reference_id/	WRITE		25.2ef106223724e04336f8.js
vendorhub	POST	vendorhub.flipkart.com	/triton/v1/feed/processor/upload	WRITE	url	25.2ef106223724e04336f8.js
vendorhub	UNKNOWN	vendorhub.flipkart.com	/vendor-p/document-service/v1/retail/documents/upload	WRITE	url	blinx-main-a124d00a.js
vendorhub	UNKNOWN	vendorhub.flipkart.com	/vendor-p/upload/legal-metrology/feed/upload	WRITE	url	blinx-main-a124d00a.js
vendorhub	UNKNOWN	vendorhub.flipkart.com	/vendor/analytics/report	EXPORT		blinx-main-a124d00a.js
vendorhub	UNKNOWN	vendorhub.flipkart.com	/vendor/analytics/sales-report	EXPORT		blinx-main-a124d00a.js
vendorhub	UNKNOWN	vendorhub.flipkart.com	/vendor/cataloging/create-fsn	WRITE		blinx-main-a124d00a.js
vendorhub	UNKNOWN	vendorhub.flipkart.com	/vendor/feeds/upload-feed-file	WRITE		blinx-main-a124d00a.js
vendorhub	UNKNOWN	vendorhub.flipkart.com	/vendor/qc-norms/upload-bis-certificates	WRITE		blinx-main-a124d00a.js
vendorhub	UNKNOWN	vendorhub.flipkart.com	/vendor/qc-norms/upload-feed-file	WRITE		blinx-main-a124d00a.js
vendorhub	UNKNOWN	vendorhub.flipkart.com	/vendor/support/send-mail	WRITE		blinx-main-a124d00a.js
vendorhub	UNKNOWN	vendorhub.flipkart.com	/vendor/user-management/change-password	WRITE		blinx-main-a124d00a.js
vendorhub	UNKNOWN	vendorhub.flipkart.com	/vendor/user-management/update-user	WRITE		blinx-main-a124d00a.js
vendorhub	UNKNOWN	vendorhub.flipkart.com	/vendor/user-management/user-activation/activate	WRITE		blinx-main-a124d00a.js
vendorhub	UNKNOWN	vendorhub.flipkart.com	/vendor/user-management/user-activation/suspend	WRITE		blinx-main-a124d00a.js
