ItemCode	Warehouse	NET_AFTER_1	NET_AFTER_2	NET_AFTER_3	NET_AFTER_4	NET_AFTER_5	NET_AFTER_6
EX0000003	DL-POP	-2870	-2870	-2870	0	0	0
EX0000004	DL-POP	-200	-200	-200	0	0	0
EX0000005	DL-POP	-750	-750	-750	0	0	0
EX0000006	DL-POP	-1050	-1050	-1050	0	0	0
EX0000007	DL-POP	-1605	-1605	-1605	0	0	0
EX0000008	DL-POP	-500	-500	-500	0	0	0
EX0000009	DL-POP	-2500	-2500	-2500	0	0	0
EX0000011	DL-POP	10350	0	0	0	0	0
EX0000012	DL-POP	0	0	0	0	0	0
EX0000013	DL-POP	1005	1005	1005	0	0	0
FA0000005	BH-FA	800	0	0	0	0	0
FA0000012	BH-FA	500	0	0	0	0	0
FA0000024	BH-FA	-1	-1	-1	-1	0	0
FA0000083	BH-FA	-1	0	0	0	0	0
FA0000255	BH-FA	1	1	0	0	0	0
FA0000389	BH-FA	-5	0	0	0	0	0
FA0000390	BH-FA	-5	0	0	0	0	0
FA0000391	BH-FA	-5	0	0	0	0	0
FA0000393	BH-FA	-5	0	0	0	0	0
FA0000394	BH-FA	-5	0	0	0	0	0
FA0000395	BH-FA	-5	0	0	0	0	0
FA0000410	BH-FA	-8	0	0	0	0	0
FA0000411	BH-FA	-8	0	0	0	0	0
FA0000412	BH-FA	-8	0	0	0	0	0
FA0000416	BH-FA	0	0	0	0	0	0
FA0000421	BH-FA	0	0	0	0	0	0
FA0000422	BH-FA	0	0	0	0	0	0
FA0000423	BH-FA	1	0	0	0	0	0
FA0000427	DL-FA	1	1	0	0	0	0
FA0000428	BH-FA	1	1	1	0	0	0
FA0000430	BH-FA	6	6	6	6	6	0
FA0000433	BH-FA	400	400	400	400	400	0
FG0000226	BH-VG	0	0	0	0	0	0
FG0000226	DL-INT	0	0	0	0	0	0
FG0000226	DL-J3	0	0	0	0	0	0
FG0000228	BH-VG	0	0	0	0	0	0
FG0000228	DL-INT	0	0	0	0	0	0
FG0000228	DL-J3	0	0	0	0	0	0
FG0000229	BH-VG	0	0	0	0	0	0
FG0000229	DL-INT	0	0	0	0	0	0
FG0000229	DL-J3	0	0	0	0	0	0
FG0000230	BH-VG	0	0	0	0	0	0
FG0000230	DL-INT	0	0	0	0	0	0
FG0000230	DL-J3	0	0	0	0	0	0
FG0000231	BH-VG	0	0	0	0	0	0
FG0000231	DL-INT	0	0	0	0	0	0
FG0000231	DL-J3	0	0	0	0	0	0
FG0000232	BH-VG	0	0	0	0	0	0
FG0000232	DL-INT	0	0	0	0	0	0
FG0000232	DL-J3	0	0	0	0	0	0
FG0000233	BH-FG	-247	-173	33	81	39	0
FG0000233	BH-INT	0	0	0	0	0	0
FG0000233	BH-PF	-4598	2	0	0	0	0
FG0000233	BH-PP	-284	0	0	0	0	0
FG0000233	BH-VG	0	-4884	-4884	-1044	0	0
FG0000233	DL-INT	0	0	0	0	0	0
FG0000233	DL-J3	0	0	0	0	0	0
FG0000233	DL-PS	-144	0	0	0	0	0
FG0000234	BH-FG	2849	2849	-823	233	527	0
FG0000234	BH-PF	2316	2316	-372	-372	0	0
FG0000234	BH-VG	-2662	-2662	-2662	0	0	0
FG0000234	DL-INT	0	0	0	0	0	0
FG0000234	DL-J3	0	0	0	0	0	0
FG0000234	DL-PS	0	0	-240	0	0	0
FG0000235	BH-VG	0	0	0	0	0	0
FG0000235	DL-INT	0	0	0	0	0	0
FG0000235	DL-J3	0	0	0	0	0	0
FG0000236	BH-VG	-434	-434	-434	-434	0	0
FG0000236	DL-INT	0	0	0	0	0	0
FG0000236	DL-J3	0	0	0	0	0	0
FG0000237	BH-VG	0	0	0	0	0	0
FG0000237	DL-INT	0	0	0	0	0	0
FG0000237	DL-J3	0	0	0	0	0	0
FG0000238	BH-VG	0	0	0	0	0	0
FG0000238	DL-INT	0	0	0	0	0	0
FG0000238	DL-J3	0	0	0	0	0	0
FG0000239	BH-FG	-8159	-9393	-11028	-9252	-6058	143
FG0000239	BH-GR	-207	-207	-207	-207	-207	0
FG0000239	BH-INT	0	0	0	0	0	0
FG0000239	BH-PF	0	0	-21	-21	-21	0
FG0000239	BH-WST	-120	-120	-120	-120	-120	0
FG0000239	DL-PS	-4692	-2220	0	0	0	0
FG0000239	PB-ST	120	120	0	0	0	0
FG0000240	BH-VG	-16	-16	-16	-16	0	0
FG0000240	DL-INT	0	0	0	0	0	0
FG0000240	DL-J3	0	0	0	0	0	0
FG0000241	BH-FG	-77	-707	-21	-21	-21	0
FG0000241	BH-INT	0	0	0	0	0	0
FG0000241	BH-PF	-2978	566	0	0	0	0
FG0000241	BH-PP	-284	0	0	0	0	0
FG0000241	BH-VG	-749	-4577	-4577	0	0	0
FG0000241	DL-INT	0	0	0	0	0	0
FG0000241	DL-J3	0	0	0	0	0	0
FG0000241	DL-PS	-1212	0	0	0	0	0
FG0000241	PB-ST	240	240	0	0	0	0
FG0000242	BH-VG	0	0	0	0	0	0
FG0000242	DL-INT	0	0	0	0	0	0
FG0000242	DL-J3	0	0	0	0	0	0
FG0000244	BH-VG	-68	-68	-68	-68	0	0
FG0000244	DL-INT	0	0	0	0	0	0
FG0000244	DL-J3	0	0	0	0	0	0
FG0000245	BH-VG	0	0	0	0	0	0
FG0000245	DL-INT	0	0	0	0	0	0
FG0000245	DL-J3	0	0	0	0	0	0
FG0000246	BH-VG	0	0	0	0	0	0
FG0000246	DL-INT	0	0	0	0	0	0
FG0000246	DL-J3	0	0	0	0	0	0
FG0000248	BH-VG	0	0	0	0	0	0
FG0000248	DL-INT	0	0	0	0	0	0
FG0000248	DL-J3	0	0	0	0	0	0
FG0000249	BH-VG	0	0	0	0	0	0
FG0000249	DL-INT	0	0	0	0	0	0
FG0000249	DL-J3	0	0	0	0	0	0
FG0000250	BH-VG	0	0	0	0	0	0
FG0000250	DL-INT	0	0	0	0	0	0
FG0000250	DL-J3	0	0	0	0	0	0
FG0000251	BH-VG	-2002	-2002	-2002	0	0	0
FG0000251	DL-INT	0	0	0	0	0	0
FG0000251	DL-J3	0	0	0	0	0	0
FG0000252	BH-VG	0	0	0	0	0	0
FG0000252	DL-INT	0	0	0	0	0	0
FG0000252	DL-J3	0	0	0	0	0	0
FG0000254	BH-VG	0	0	0	0	0	0
FG0000254	DL-INT	0	0	0	0	0	0
FG0000254	DL-J3	0	0	0	0	0	0
FG0000255	BH-VG	0	0	0	0	0	0
FG0000255	DL-INT	0	0	0	0	0	0
FG0000255	DL-J3	0	0	0	0	0	0
FG0000256	BH-VG	-4536	-4536	-4536	-4536	0	0
FG0000256	DL-INT	0	0	0	0	0	0
FG0000256	DL-J3	0	0	0	0	0	0
FG0000257	BH-FG	-587	-857	-63	369	369	370
FG0000257	BH-INT	0	0	0	0	0	0
FG0000257	BH-PF	-3722	14	0	0	0	0
FG0000257	BH-PP	-284	0	0	0	0	0
FG0000257	BH-VG	-6317	-10337	-10337	-6887	0	0
FG0000257	DL-INT	0	0	0	0	0	0
FG0000257	DL-J3	0	0	0	0	0	0
FG0000257	DL-PS	-792	0	0	0	0	0
FG0000257	PB-ST	240	240	0	0	0	0
FG0000258	BH-VG	0	0	0	0	0	0
FG0000258	DL-INT	0	0	0	0	0	0
FG0000258	DL-J3	0	0	0	0	0	0
FG0000259	BH-FG	-3933	-4467	-3587	-2879	-1689	422
FG0000259	BH-INT	0	0	0	0	0	0
FG0000259	BH-PF	108	160	0	0	0	0
FG0000259	BH-PP	-284	0	0	0	0	0
FG0000259	BH-VG	0	-336	-336	-336	0	0
FG0000259	DL-INT	0	0	0	0	0	0
FG0000259	DL-J3	0	0	0	0	0	0
FG0000259	DL-PS	-989	0	0	0	0	0
FG0000259	PB-ST	192	192	0	0	0	0
FG0000260	BH-FG	1134	1136	-649	-577	-943	0
FG0000260	BH-INT	0	0	0	0	0	0
FG0000260	BH-PF	0	0	-846	-846	0	0
FG0000260	DL-INT	0	0	0	0	0	0
FG0000260	DL-PS	-3411	-2631	0	0	0	0
FG0000261	BH-FG	-5450	-5792	-5672	-5360	-2838	207
FG0000261	BH-INT	0	0	0	0	0	0
FG0000261	BH-PF	-1376	0	0	0	0	0
FG0000261	BH-PP	-356	0	0	0	0	0
FG0000261	BH-VG	-11423	-13155	-13155	-10105	0	0
FG0000261	DL-INT	0	0	0	0	0	0
FG0000261	DL-J3	0	0	0	0	0	0
FG0000261	DL-PS	-600	0	0	0	0	0
FG0000261	PB-ST	120	120	0	0	0	0
FG0000263	BH-VG	0	0	0	0	0	0
FG0000263	DL-INT	0	0	0	0	0	0
FG0000263	DL-J3	0	0	0	0	0	0
FG0000265	BH-VG	0	0	0	0	0	0
FG0000265	DL-INT	0	0	0	0	0	0
FG0000265	DL-J3	0	0	0	0	0	0
FG0000268	BH-FG	-183386	-229382	-211514	-102014	-18506	3226
FG0000268	BH-PF	0	0	0	0	0	0
FG0000268	BH-PS	0	0	0	0	0	0
FG0000268	BH-VG	-28924	-28924	-28924	-22000	0	0
FG0000268	DL-INT	0	0	0	0	0	0
FG0000268	DL-J3	0	0	0	0	0	0
FG0000269	BH-FG	11	11	-32	-11042	-5321	0
FG0000269	BH-INT	0	0	0	0	0	0
FG0000269	BH-PF	0	0	0	0	0	0
FG0000269	BH-VG	-50788	-50788	-50788	-46538	0	0
FG0000269	DL-INT	0	0	0	0	0	0
FG0000269	DL-J3	0	0	0	0	0	0
FG0000269	DL-PS	32	-43	0	0	0	0
FG0000270	BH-FG	-5	-113	-1837	-1837	-1837	0
FG0000270	BH-INT	0	0	0	0	0	0
FG0000270	BH-PF	16	16	0	0	0	0
FG0000270	BH-VG	-1282	-1282	-1282	-1282	0	0
FG0000270	DL-INT	0	0	0	0	0	0
FG0000270	DL-J3	0	0	0	0	0	0
FG0000270	DL-PS	-1824	-1740	0	0	0	0
FG0000271	BH-FG	2832	2832	2348	1688	-816	0
FG0000271	BH-INT	0	0	0	0	0	0
FG0000271	BH-PF	92	228	-6548	-3848	0	0
FG0000271	BH-PP	-744	0	0	0	0	0
FG0000271	BH-VG	0	-868	-868	-868	0	0
FG0000271	DL-INT	0	0	0	0	0	0
FG0000271	DL-J3	0	0	0	0	0	0
FG0000271	DL-PS	-324	-108	0	0	0	0
FG0000272	BH-VG	-23	-23	-23	-23	0	0
FG0000272	DL-INT	0	0	0	0	0	0
FG0000272	DL-J3	0	0	0	0	0	0
FG0000273	BH-FG	-29	-14909	-14892	-14892	0	0
FG0000274	BH-VG	0	0	0	0	0	0
FG0000274	DL-INT	0	0	0	0	0	0
FG0000274	DL-J3	0	0	0	0	0	0
FG0000275	BH-VG	-991	-991	-991	-991	0	0
FG0000275	DL-INT	0	0	0	0	0	0
FG0000275	DL-J3	0	0	0	0	0	0
FG0000276	BH-FG	-1008	-1008	-1008	-1008	-1008	0
FG0000276	BH-PF	-3960	0	0	0	0	0
FG0000276	BH-VG	0	-3960	-3960	-3960	0	0
FG0000276	DL-INT	0	0	0	0	0	0
FG0000276	DL-J3	0	0	0	0	0	0
FG0000281	BH-FG	-4656	-792	-792	-792	-792	0
FG0000281	BH-PF	-34680	0	0	0	0	0
FG0000281	BH-VG	-2880	-37560	-37560	-13560	0	0
FG0000281	DL-INT	0	0	0	0	0	0
FG0000281	DL-J3	0	0	0	0	0	0
FG0000282	BH-FG	-2073	-2005	-1086	-1074	-363	0
FG0000282	BH-INT	0	0	0	0	0	0
FG0000282	BH-PF	0	0	0	0	0	0
FG0000282	DL-INT	0	0	0	0	0	0
FG0000282	DL-PS	-1000	0	-500	0	0	0
FG0000283	BH-FG	-303	-331	3209	3673	-144	0
FG0000283	BH-INT	0	0	0	0	0	0
FG0000283	BH-PF	-312	0	0	0	0	0
FG0000283	BH-VG	0	-312	-312	-312	0	0
FG0000283	DL-INT	0	0	0	0	0	0
FG0000283	DL-J3	0	0	0	0	0	0
FG0000283	DL-PS	-2916	0	0	0	0	0
FG0000284	BH-FG	-1152	-5279	-5015	-23	-100919	0
FG0000284	BH-PF	0	0	0	0	0	0
FG0000284	BH-PS	9600	0	0	0	0	0
FG0000284	BH-VG	-101254	-101254	-101254	-65254	0	0
FG0000284	DL-INT	0	0	0	0	0	0
FG0000284	DL-J3	0	0	0	0	0	0
FG0000285	BH-VG	0	0	0	0	0	0
FG0000285	DL-INT	0	0	0	0	0	0
FG0000285	DL-J3	0	0	0	0	0	0
FG0000286	BH-VG	0	0	0	0	0	0
FG0000286	DL-INT	0	0	0	0	0	0
FG0000286	DL-J3	0	0	0	0	0	0
FG0000287	BH-VG	0	0	0	0	0	0
FG0000287	DL-INT	0	0	0	0	0	0
FG0000287	DL-J3	0	0	0	0	0	0
FG0000288	BH-VG	0	0	0	0	0	0
FG0000288	DL-INT	0	0	0	0	0	0
FG0000288	DL-J3	0	0	0	0	0	0
FG0000289	BH-VG	0	0	0	0	0	0
FG0000289	DL-INT	0	0	0	0	0	0
FG0000289	DL-J3	0	0	0	0	0	0
FG0000290	BH-VG	0	0	0	0	0	0
FG0000290	DL-INT	0	0	0	0	0	0
FG0000290	DL-J3	0	0	0	0	0	0
FG0000291	BH-PF	-66	0	0	0	0	0
FG0000291	BH-VG	0	-66	-66	-66	0	0
FG0000291	DL-INT	0	0	0	0	0	0
FG0000291	DL-J3	0	0	0	0	0	0
FG0000292	BH-PF	-66	0	0	0	0	0
FG0000292	BH-VG	-6	-72	-72	-72	0	0
FG0000292	DL-INT	0	0	0	0	0	0
FG0000292	DL-J3	0	0	0	0	0	0
FG0000293	BH-PF	-66	0	0	0	0	0
FG0000293	BH-VG	0	-66	-66	-66	0	0
FG0000293	DL-INT	0	0	0	0	0	0
FG0000293	DL-J3	0	0	0	0	0	0
FG0000294	BH-PF	-66	0	0	0	0	0
FG0000294	BH-VG	0	-66	-66	-66	0	0
FG0000294	DL-INT	0	0	0	0	0	0
FG0000294	DL-J3	0	0	0	0	0	0
FG0000296	BH-FG	-1870	-1744	-1738	-1708	-1680	0
FG0000296	BH-PF	0	0	0	0	0	0
FG0000296	BH-VG	-629	-629	-629	-629	0	0
FG0000296	BH-WST	1620	1620	1620	1620	1620	0
FG0000296	DL-INT	0	0	0	0	0	0
FG0000296	DL-J3	0	0	0	0	0	0
FG0000297	BH-FG	-2006	-2006	-2000	-1970	-2048	0
FG0000297	BH-PF	0	1	1	1	0	0
FG0000297	BH-VG	-177	-178	-178	-178	0	0
FG0000297	BH-WST	2000	2000	2000	2000	2000	0
FG0000297	DL-INT	0	0	0	0	0	0
FG0000297	DL-J3	0	0	0	0	0	0
FG0000299	BH-VG	-364	-364	-364	-364	0	0
FG0000299	DL-INT	0	0	0	0	0	0
FG0000299	DL-J3	0	0	0	0	0	0
FG0000301	BH-FG	-3416	-2340	-2674	0	0	0
FG0000301	BH-INT	0	0	0	0	0	0
FG0000301	BH-PF	0	0	0	0	0	0
FG0000301	BH-VG	0	0	0	0	0	0
FG0000301	DL-INT	0	0	0	0	0	0
FG0000301	DL-J3	0	0	0	0	0	0
FG0000301	DL-PS	-600	-604	0	0	0	0
FG0000302	BH-FG	1340	1424	997	1069	-24	0
FG0000302	BH-INT	0	0	0	0	0	0
FG0000302	BH-PF	0	0	0	0	0	0
FG0000302	BH-VG	-118	-118	-118	-118	0	0
FG0000302	DL-INT	0	0	0	0	0	0
FG0000302	DL-J3	0	0	0	0	0	0
FG0000302	DL-PS	-565	-565	0	0	0	0
FG0000305	BH-VG	0	0	0	0	0	0
FG0000305	DL-INT	0	0	0	0	0	0
FG0000305	DL-J3	0	0	0	0	0	0
FG0000306	BH-VG	0	0	0	0	0	0
FG0000306	DL-INT	0	0	0	0	0	0
FG0000306	DL-J3	0	0	0	0	0	0
FG0000309	BH-FG	1240	1190	-30	-30	-30	0
FG0000309	BH-INT	0	0	0	0	0	0
FG0000309	DL-INT	0	0	0	0	0	0
FG0000309	DL-PS	-3500	-1220	0	0	0	0
FG0000313	BH-FG	-1106	-1104	0	0	0	0
FG0000313	BH-INT	0	0	0	0	0	0
FG0000313	BH-PF	1123	1123	0	0	0	0
FG0000313	DL-PS	-19	-19	0	0	0	0
FG0000314	BH-FG	7811	7595	6150	-30642	-1326	7776
FG0000314	BH-GR	2423	2423	2423	2423	2423	0
FG0000314	BH-INT	0	0	0	0	0	0
FG0000314	BH-PF	0	0	0	0	0	0
FG0000314	BH-PS	31200	0	0	0	0	0
FG0000314	DL-INT	0	0	0	0	0	0
FG0000314	DL-PS	5911	-18065	0	0	0	0
FG0000314	PB-INT	0	-7176	0	0	0	0
FG0000314	PB-PS	1632	1608	0	0	0	0
FG0000314	PB-ST	384	0	0	0	0	0
FG0000315	BH-FG	2688	312	-8268	-1908	2136	0
FG0000315	BH-INT	0	0	0	0	0	0
FG0000315	BH-PF	0	0	0	0	0	0
FG0000315	DL-INT	0	0	0	0	0	0
FG0000315	DL-PS	9888	-14112	0	0	0	0
FG0000316	BH-FG	492	1994	-326	-254	-252	0
FG0000316	BH-INT	0	0	0	0	0	0
FG0000316	BH-PF	79	79	0	0	0	0
FG0000316	BH-VG	-369	-369	-369	-369	0	0
FG0000316	DL-INT	0	0	0	0	0	0
FG0000316	DL-J3	0	0	0	0	0	0
FG0000316	DL-PS	-1439	-2399	0	0	0	0
FG0000317	BH-FG	0	0	-224	-614	-1634	0
FG0000317	BH-PF	0	0	0	0	0	0
FG0000317	BH-VG	-492	-492	-492	-492	0	0
FG0000317	DL-INT	0	0	0	0	0	0
FG0000317	DL-J3	0	0	0	0	0	0
FG0000319	BH-FG	15744	15744	-4944	-48352	-17392	1808
FG0000319	BH-PF	0	0	0	0	0	0
FG0000320	BH-FG	876	876	900	900	-24	0
FG0000320	BH-PF	0	0	0	0	0	0
FG0000321	BH-FG	-935	-942	-942	-942	-942	0
FG0000321	BH-INT	0	0	0	0	0	0
FG0000321	BH-PF	0	0	0	0	0	0
FG0000321	DL-PS	-104	0	0	0	0	0
FG0000322	BH-FG	-3852	-3612	0	0	0	0
FG0000322	BH-INT	0	0	0	0	0	0
FG0000322	BH-PF	-240	0	0	0	0	0
FG0000322	BH-PP	0	0	0	0	0	0
FG0000322	BH-VG	0	-240	-240	-240	0	0
FG0000322	DL-INT	0	0	0	0	0	0
FG0000322	DL-J3	0	0	0	0	0	0
FG0000322	DL-PS	-4000	0	0	0	0	0
FG0000323	BH-FG	-44621	57306	-41754	53586	-78204	0
FG0000323	BH-INT	0	0	0	0	0	0
FG0000323	BH-PF	2249	2249	2249	2249	2249	2249
FG0000323	DL-INT	0	0	0	0	0	0
FG0000323	DL-PS	0	0	0	0	0	0
FG0000324	BH-FG	-165315	-118586	123766	-99002	123024	0
FG0000324	BH-PF	0	0	0	0	0	0
FG0000324	DL-INT	0	0	0	0	0	0
FG0000324	DL-PS	1200	0	0	0	0	0
FG0000325	BH-FG	-19872	-19872	-67224	720	0	0
FG0000325	BH-PF	0	0	0	0	0	0
FG0000328	BH-FG	-457797	193906	199074	-140714	62640	155904
FG0000328	BH-GR	96	96	96	96	96	0
FG0000328	BH-INT	0	0	0	0	0	0
FG0000328	BH-PF	0	0	0	-42288	0	0
FG0000328	DL-INT	0	0	0	0	0	0
FG0000328	DL-PS	48000	0	-480	0	0	0
FG0000329	BH-FG	21	-88	19	-209	-327	0
FG0000329	BH-PF	0	0	0	0	0	0
FG0000330	BH-FG	66	66	66	59	22	0
FG0000330	BH-PF	0	0	0	0	0	0
FG0000332	BH-FG	80	80	80	80	80	0
FG0000332	BH-PF	0	0	0	0	0	0
FG0000333	BH-FG	216	-5328	-5328	216	0	0
FG0000333	BH-PF	0	0	0	0	0	0
FG0000334	BH-FG	0	-400	0	0	0	0
FG0000334	BH-PF	0	0	0	0	0	0
FG0000335	BH-FG	0	0	-97	-1	0	0
FG0000335	BH-PF	0	0	0	0	0	0
FG0000336	BH-FG	1091	1091	1091	816	-72	0
FG0000336	BH-PF	165	165	165	165	0	0
FG0000337	BH-FG	0	0	0	0	0	0
FG0000337	BH-PF	0	0	0	0	0	0
FG0000338	BH-FG	175	175	175	175	175	0
FG0000338	BH-PF	0	0	0	0	0	0
PM0000074	BH-PP	-29071.79	0	0	0	0	0
PM0000074	BH-VG	29071.79	0	0	0	0	0
PM0000139	GP-NM	-26532	-26532	-26532	0	0	0
PM0000175	BH-PM	252500	247500	247500	247500	139500	0
PM0000175	BH-PP	14316	14316	14316	14316	816	0
PM0000175	BH-VG	11080	0	0	0	0	0
PM0000175	GP-PM	-75000	0	0	0	0	0
PM0000221	BH-PP	-52	0	0	0	0	0
PM0000221	BH-VG	52	0	0	0	0	0
PM0000223	GP-NM	-26532	-26532	-26532	0	0	0
PM0000532	BH-PP	-4757	0	0	0	0	0
PM0000532	BH-VG	4757	0	0	0	0	0
PM0000535	BH-PP	-16	0	0	0	0	0
PM0000535	BH-VG	16	0	0	0	0	0
PM0000535	GP-NM	20	0	0	0	0	0
PM0000536	BH-PP	-951	0	0	0	0	0
PM0000536	BH-VG	951	0	0	0	0	0
PM0000536	GP-NM	30	0	0	0	0	0
PM0000537	GP-NM	-11400	-11400	-11400	0	0	0
PM0000538	BH-PP	-428	0	0	0	0	0
PM0000538	BH-VG	428	0	0	0	0	0
PM0000538	GP-NM	-7667	-7667	-7667	0	0	0
PM0000540	BH-FG	0	0	0	0	0	0
PM0000540	BH-PM	-5000	-5000	-5000	-5000	0	0
PM0000540	BH-PP	-40543	916	916	915	-2028	0
PM0000540	BH-VG	41585	0	0	0	0	0
PM0000544	GP-NM	-39040	-39040	-39040	0	0	0
PM0000545	GP-NM	-34400	-34400	-34400	0	0	0
PM0000547	BH-PM	0.49	0	0	0	0	0
PM0000548	GP-NM	-32500	-32500	-32500	0	0	0
PM0000549	BH-PP	-2740	0	0	0	0	0
PM0000549	BH-VG	2740	0	0	0	0	0
PM0000549	GP-NM	-5990	-5990	-5990	0	0	0
PM0000550	GP-NM	-34400	-34400	-34400	0	0	0
PM0000552	GP-NM	-8800	-8800	-8800	0	0	0
PM0000553	BH-PP	-3140	0	0	0	0	0
PM0000553	BH-VG	3140	0	0	0	0	0
PM0000554	BH-PP	-1957	0	0	0	0	0
PM0000554	BH-VG	1957	0	0	0	0	0
PM0000555	BH-PP	-5539	0	0	0	0	0
PM0000555	BH-VG	5539	0	0	0	0	0
PM0000556	BH-FG	0	0	0	0	0	0
PM0000556	BH-NM	0	0	-755	0	0	0
PM0000556	BH-PM	0	0	0	0	0	0
PM0000556	BH-PP	-1980	0	0	0	0	0
PM0000556	BH-VG	1980	0	0	0	0	0
PM0000556	GP-NM	-755	-755	0	0	0	0
PM0000557	BH-PP	-410	0	0	0	0	0
PM0000557	BH-VG	410	0	0	0	0	0
PM0000557	GP-NM	-43454	-43454	-43454	0	0	0
PM0000558	GP-NM	-20000	-20000	-20000	0	0	0
PM0000559	BH-PP	-2914	0	0	0	0	0
PM0000559	BH-VG	2914	0	0	0	0	0
PM0000559	GP-NM	-3226	-3226	-3226	0	0	0
PM0000560	BH-PP	-64	0	0	0	0	0
PM0000560	BH-VG	64	0	0	0	0	0
PM0000560	GP-NM	-424	-424	-424	0	0	0
PM0000561	BH-PP	-1	0	0	0	0	0
PM0000561	BH-VG	1	0	0	0	0	0
PM0000561	GP-NM	-46	-46	-46	0	0	0
PM0000562	BH-PP	-51	0	0	0	0	0
PM0000562	BH-VG	51	0	0	0	0	0
PM0000563	BH-PP	-131.51	0	0	0	0	0
PM0000563	BH-VG	131.51	0	0	0	0	0
PM0000564	BH-NM	-15200	-15200	-15200	0	0	0
PM0000564	BH-PP	-13952	0	0	0	0	0
PM0000564	BH-VG	13952	0	0	0	0	0
PM0000564	GP-NM	-11400	-11400	-11400	0	0	0
PM0000566	BH-PP	-200	0	0	0	0	0
PM0000566	BH-VG	200	0	0	0	0	0
PM0000567	BH-PP	-2	0	0	0	0	0
PM0000567	BH-VG	2	0	0	0	0	0
PM0000568	BH-PP	-1011	0	0	0	0	0
PM0000568	BH-VG	1011	0	0	0	0	0
PM0000569	GP-NM	0	0	0	0	0	0
PM0000569	GP-PM	-1148	-1148	-1148	0	0	0
PM0000570	BH-FG	0	0	0	0	0	0
PM0000570	BH-NM	0	0	-1127	0	0	0
PM0000570	BH-PM	0	0	0	0	0	0
PM0000570	BH-PP	-5902.78	0	0	0	0	0
PM0000570	BH-VG	5902.78	0	0	0	0	0
PM0000570	GP-NM	-1127	-1127	0	0	0	0
PM0000571	BH-PP	-21763	0	0	0	0	0
PM0000571	BH-VG	21763	0	0	0	0	0
PM0000571	GP-NM	-4380	-4380	-4380	0	0	0
PM0000572	BH-PP	-6040	0	0	0	0	0
PM0000572	BH-VG	6040	0	0	0	0	0
PM0000572	GP-NM	-11300	-11300	-11300	0	0	0
PM0000574	BH-NM	-19200	-19200	-19200	0	0	0
PM0000574	BH-PP	-1404	0	0	0	0	0
PM0000574	BH-VG	1404	0	0	0	0	0
PM0000574	GP-NM	-2000	-2000	-2000	0	0	0
PM0000576	BH-NM	-500	-500	-500	0	0	0
PM0000576	BH-PP	-7	0	0	0	0	0
PM0000576	BH-VG	7	0	0	0	0	0
PM0000576	GP-NM	0	0	0	0	0	0
PM0000577	BH-PP	-35	0	0	0	0	0
PM0000577	BH-VG	35	0	0	0	0	0
PM0000578	GP-NM	-53	-53	-53	0	0	0
PM0000579	BH-PP	-600	0	0	0	0	0
PM0000579	BH-VG	600	0	0	0	0	0
PM0000580	GP-NM	-100	-100	-100	0	0	0
PM0000582	BH-PP	-5	0	0	0	0	0
PM0000582	BH-VG	5	0	0	0	0	0
PM0000582	GP-NM	-58	-58	-58	0	0	0
PM0000583	GP-NM	-164000	-164000	-164000	0	0	0
PM0000584	BH-PM	-119976	8215	8065	66676	82394	0
PM0000584	BH-PP	-91378	25314	25464	11397	-3293	-7776
PM0000584	BH-VG	137891	0	0	0	0	0
PM0000584	GP-PM	-4455	-4455	-4455	-4455	-4455	0
PM0000585	BH-PP	-2181	0	0	0	0	0
PM0000585	BH-VG	2181	0	0	0	0	0
PM0000585	GP-NM	-3665	-3665	-3665	0	0	0
PM0000586	BH-PP	-2414	0	0	0	0	0
PM0000586	BH-VG	2414	0	0	0	0	0
PM0000587	GP-NM	-151700	-151700	-151700	0	0	0
PM0000588	BH-PP	-6893.46	0	0	0	0	0
PM0000588	BH-VG	6893.46	0	0	0	0	0
PM0000589	BH-PP	-200	0	0	0	0	0
PM0000589	BH-VG	200	0	0	0	0	0
PM0000589	GP-NM	-38450	-38450	-38450	0	0	0
PM0000590	GP-NM	-2000	-2000	-2000	0	0	0
PM0000591	BH-PP	-593	0	0	0	0	0
PM0000591	BH-VG	593	0	0	0	0	0
PM0000593	BH-PP	-1087	0	0	0	0	0
PM0000593	BH-VG	1087	0	0	0	0	0
PM0000594	GP-NM	-375	-375	-375	0	0	0
PM0000595	BH-NM	-6500	-6500	-6500	0	0	0
PM0000595	BH-PP	-4552	0	0	0	0	0
PM0000595	BH-VG	4552	0	0	0	0	0
PM0000595	GP-NM	-46800	-46800	-46800	0	0	0
PM0000596	GP-NM	-6450	-6450	-6450	0	0	0
PM0000597	BH-PP	-2000	0	0	0	0	0
PM0000597	BH-VG	2000	0	0	0	0	0
PM0000597	GP-NM	-675	-675	-675	0	0	0
PM0000598	BH-FG	0	0	0	0	0	0
PM0000598	BH-NM	0	0	-720	0	0	0
PM0000598	BH-PM	0	0	0	0	0	0
PM0000598	BH-PP	-6538	0	0	0	0	0
PM0000598	BH-VG	6714	0	0	0	0	0
PM0000598	GP-NM	-896	-720	0	0	0	0
PM0000599	BH-PP	-8500	0	0	0	0	0
PM0000599	BH-VG	8500	0	0	0	0	0
PM0000600	BH-PP	-32264	0	0	0	0	0
PM0000600	BH-VG	32264	0	0	0	0	0
PM0000601	BH-NM	-3000	-3000	-3000	0	0	0
PM0000601	BH-PP	-9298	0	0	0	0	0
PM0000601	BH-VG	9298	0	0	0	0	0
PM0000601	GP-NM	-81200	-81200	-81200	0	0	0
PM0000602	BH-NM	-9550	-9550	-9550	0	0	0
PM0000602	BH-PP	-16416	0	0	0	0	0
PM0000602	BH-VG	16416	0	0	0	0	0
PM0000602	GP-NM	-12800	-12800	-12800	0	0	0
PM0000603	BH-PP	-317	0	0	0	0	0
PM0000603	BH-VG	317	0	0	0	0	0
PM0000604	BH-NM	0	0	0	0	0	0
PM0000604	BH-PM	-82850	-82850	-82850	0	0	0
PM0000604	BH-PP	-79984	942	942	942	942	0
PM0000604	BH-VG	80926	0	0	0	0	0
PM0000604	GP-NM	-55600	-55600	-55600	0	0	0
PM0000605	GP-NM	-11000	-11000	-11000	0	0	0
PM0000606	BH-FG	0	0	0	0	0	0
PM0000606	BH-PM	-8	-8	-8	0	0	0
PM0000606	BH-PP	-45853	497	485	-4112	497	497
PM0000606	BH-VG	46350	0	0	0	0	0
PM0000606	BH-WST	17	17	17	17	-497	-497
PM0000607	GP-NM	-36300	-36300	-36300	0	0	0
PM0000608	GP-NM	-80520	-80520	-80520	0	0	0
PM0000609	BH-PP	-600	0	0	0	0	0
PM0000609	BH-VG	600	0	0	0	0	0
PM0000609	GP-NM	-4000	-4000	-4000	0	0	0
PM0000610	GP-NM	-50200	-50200	-50200	0	0	0
PM0000611	GP-NM	-30100	-30100	-30100	0	0	0
PM0000612	BH-PP	-6200	0	0	0	0	0
PM0000612	BH-VG	6200	0	0	0	0	0
PM0000612	GP-NM	-13700	-13700	-13700	0	0	0
PM0000613	BH-PP	-5398	0	0	0	0	0
PM0000613	BH-VG	5398	0	0	0	0	0
PM0000614	BH-NM	-4500	-4500	-4500	0	0	0
PM0000614	BH-PP	-3394	0	0	0	0	0
PM0000614	BH-VG	3394	0	0	0	0	0
PM0000614	GP-NM	0	0	0	0	0	0
PM0000615	BH-NM	-12150	-12150	-12150	0	0	0
PM0000615	BH-PP	-6154	0	0	0	0	0
PM0000615	BH-VG	6154	0	0	0	0	0
PM0000615	GP-NM	0	0	0	0	0	0
PM0000616	BH-PP	-1300	0	0	0	0	0
PM0000616	BH-VG	1300	0	0	0	0	0
PM0000616	GP-NM	-1700	-1700	-1700	0	0	0
PM0000617	GP-NM	-15000	-15000	-15000	0	0	0
PM0000622	BH-PP	-19150	0	0	0	0	0
PM0000622	BH-VG	19150	0	0	0	0	0
PM0000623	BH-PP	-178.64	0	0	0	0	0
PM0000623	BH-VG	178.64	0	0	0	0	0
PM0000623	GP-NM	-68336	-68336	-68336	0	0	0
PM0000624	BH-PP	-166	0	0	0	0	0
PM0000624	BH-VG	166	0	0	0	0	0
PM0000625	BH-PP	-0.5	0	0	0	0	0
PM0000625	BH-VG	0.5	0	0	0	0	0
PM0000627	BH-PP	-2	0	0	0	0	0
PM0000627	BH-VG	2	0	0	0	0	0
PM0000628	BH-FG	0	0	0	0	0	0
PM0000628	BH-PM	-8976	-8837	-8	-8	-8	0
PM0000628	BH-PP	-5399	1660	1660	1660	1660	0
PM0000628	BH-VG	7198	0	0	0	0	0
PM0000628	BH-WST	1269	1269	0	0	0	0
PM0000629	BH-PP	-73631	0	0	0	0	0
PM0000629	BH-VG	73631	0	0	0	0	0
PM0000630	BH-PP	-635.67	0	0	0	0	0
PM0000630	BH-VG	635.67	0	0	0	0	0
PM0000631	BH-PP	-24924	942	942	942	942	0
PM0000631	BH-VG	25866	0	0	0	0	0
PM0000632	BH-PP	-78865	0	0	0	0	0
PM0000632	BH-VG	78865	0	0	0	0	0
PM0000633	BH-PP	-7189	0	0	0	0	0
PM0000633	BH-VG	7189	0	0	0	0	0
PM0000633	GP-NM	-96800	-96800	-96800	0	0	0
PM0000634	BH-PP	-3971	0	0	0	0	0
PM0000634	BH-VG	3971	0	0	0	0	0
PM0000634	GP-NM	-78000	-78000	-78000	0	0	0
PM0000635	BH-PP	-3455	0	0	0	0	0
PM0000635	BH-VG	3455	0	0	0	0	0
PM0000635	GP-NM	-65500	-65500	-65500	0	0	0
PM0000636	BH-NM	-29400	-29400	-29400	0	0	0
PM0000636	BH-PP	-52	0	0	0	0	0
PM0000636	BH-VG	52	0	0	0	0	0
PM0000636	GP-NM	0	0	0	0	0	0
PM0000637	GP-NM	-17240	-17240	-17240	0	0	0
PM0000638	BH-NM	-24200	-24200	-24200	0	0	0
PM0000638	BH-PP	-9046	0	0	0	0	0
PM0000638	BH-VG	9046	0	0	0	0	0
PM0000638	GP-NM	0	0	0	0	0	0
PM0000639	GP-NM	-21138	-21138	-21138	0	0	0
PM0000640	BH-PM	0	0	0	0	0	0
PM0000640	BH-PP	-6300	0	0	0	0	0
PM0000640	BH-VG	13400	0	0	0	0	0
PM0000640	GP-NM	-7500	0	0	0	0	0
PM0000641	BH-FG	0	0	0	0	0	0
PM0000641	BH-NM	-72450	-72450	-72450	-72450	-72450	0
PM0000641	BH-PM	-894000	-2922000	-1320000	-1200000	-594000	0
PM0000641	BH-PP	-148383.64	13252	-58139	-84835	-105883	-164234
PM0000641	BH-VG	197104.64	0	0	0	0	0
PM0000641	BH-WST	123767	118112	98087	28923	12423	2855
PM0000641	GP-NM	72450	72450	72450	72450	72450	0
PM0000642	BH-PM	-21600	-14400	0	0	0	0
PM0000642	BH-PP	-193339	-5382	-5507	-5507	-3623	-1142
PM0000642	BH-VG	195157	0	0	0	0	0
PM0000642	BH-WST	19	19	0	0	0	0
PM0000643	BH-PM	-13728	-912	11568	11568	0	0
PM0000643	BH-PP	-104090	-19087	-17075	-17075	-3623	-1142
PM0000643	BH-VG	97819	0	0	0	0	0
PM0000643	BH-WST	236	236	0	0	0	0
PM0000646	BH-PP	-755	0	0	0	0	0
PM0000646	BH-VG	755	0	0	0	0	0
PM0000647	BH-FG	0	0	0	0	0	0
PM0000647	BH-NM	0	0	-387	0	0	0
PM0000647	BH-PM	0	0	0	0	0	0
PM0000647	GP-NM	-387	-387	0	0	0	0
PM0000648	BH-PP	-276	0	0	0	0	0
PM0000648	BH-VG	276	0	0	0	0	0
PM0000652	BH-PP	-59567	0	0	0	0	0
PM0000652	BH-VG	59567	0	0	0	0	0
PM0000654	BH-FG	0	0	0	0	0	0
PM0000654	BH-PP	-793	1008	1008	1008	1008	0
PM0000654	BH-VG	1601	0	0	0	0	0
PM0000656	BH-PP	-6800	0	0	0	0	0
PM0000656	BH-VG	6800	0	0	0	0	0
PM0000657	BH-PP	-5600	0	0	0	0	0
PM0000657	BH-VG	5600	0	0	0	0	0
PM0000658	BH-PP	-21350	0	0	0	0	0
PM0000658	BH-VG	21350	0	0	0	0	0
PM0000659	BH-FG	0	0	0	0	0	0
PM0000659	BH-PM	1694716	-254112	-248224	534192	-472864	0
PM0000659	BH-PP	-30744	62081	-52574	170467	-90604	-169262
PM0000659	BH-VG	126830	0	0	0	0	0
PM0000659	BH-WST	291094	283419	162986	43405	21444	11550
PM0000659	GP-PM	-4300	0	0	0	0	0
PM0000660	BH-FG	0	0	0	0	0	0
PM0000660	BH-PF	-180	0	0	0	0	0
PM0000660	BH-PM	-1423	-1423	-5	-5	-5	0
PM0000660	BH-PP	-9513.65	73.22	-156.79	-156.79	0.16	-95.17
PM0000660	BH-VG	9766.87	0	0	0	0	0
PM0000660	GP-PM	-202	-202	-202	-202	-202	0
PM0000661	BH-PP	-1	0	0	0	0	0
PM0000661	BH-VG	1	0	0	0	0	0
PM0000662	BH-PP	-2000	0	0	0	0	0
PM0000662	BH-VG	2000	0	0	0	0	0
PM0000663	BH-PM	340000	-60000	40000	160000	220000	0
PM0000663	BH-PP	-36020.78	162087.14	97808.07	43637.61	28517.84	-1797.06
PM0000663	BH-VG	262972.12	0	0	0	0	0
PM0000663	BH-WST	3280.19	3014.44	2441.75	890.57	568.5	55.69
PM0000664	BH-FG	0	0	0	0	0	0
PM0000664	BH-NM	-27350	-27350	-27350	295405	119845	39245
PM0000664	BH-PM	-87245	-3723645	-886545	-417500	-433170	-928190
PM0000664	BH-PP	-625910.01	1619436.24	1331157.84	1309969.64	1147068.56	674982.12
PM0000664	BH-VG	2452969.53	0	0	0	0	0
PM0000664	BH-WST	236093.52	226672	186916	94871	58000	18400
PM0000665	BH-PM	-1723640	-1723640	-1723640	-1723640	-1723640	0
PM0000665	BH-PP	3401.32	4362.78	4362.78	4362.78	4362.78	0
PM0000665	BH-VG	961.46	0	0	0	0	0
PM0000665	BH-WST	14.8	14.8	0	0	0	0
PM0000666	BH-PF	-0.5	0	0	0	0	0
PM0000666	BH-PM	-25411.5	0	0	0	0	0
PM0000666	BH-PP	21755.35	20296.53	20296.53	20296.53	20296.53	0
PM0000666	BH-VG	0	0	0	0	0	0
PM0000666	BH-WST	360.78	0	0	0	0	0
PM0000667	BH-PP	-171953.07	383.04	383.04	383.04	383.04	0
PM0000667	BH-VG	172336.11	0	0	0	0	0
PM0000668	BH-NM	-15195.55	0	0	0	0	0
PM0000668	BH-PM	199445	0	0	0	0	0
PM0000668	BH-PP	554.01	-1625.53	-1625.53	-1625.53	-2.65	-2.65
PM0000668	BH-VG	0.01	0	0	0	0	0
PM0000668	BH-WST	-1646	-2105	-2105	-2105	-2105	-2105
PM0000669	BH-FG	0	0	0	0	0	0
PM0000669	BH-NM	-574335	-574335	-574335	-494685	-494685	0
PM0000669	BH-PM	-792500	-1969100	-1329000	-1485100	-1555100	-359285
PM0000669	BH-PP	327038.01	951144.91	740336.19	1031559.18	670993.08	359285
PM0000669	BH-VG	590060.26	0	0	0	0	0
PM0000669	BH-WST	294762.85	287412.85	287412.85	127505	83300	0
PM0000670	BH-PM	0	0	0	0	0	0
PM0000670	BH-PP	-1098.25	0	0	0	0	0
PM0000670	BH-VG	1113.25	0	0	0	0	0
PM0000670	GP-PM	-15	0	0	0	0	0
PM0000671	BH-PP	-76852	0	0	0	0	0
PM0000671	BH-VG	76852	0	0	0	0	0
PM0000672	BH-PP	-29369	0	0	0	0	-422
PM0000672	BH-VG	29369	0	0	0	0	0
PM0000673	BH-PP	-32529	0	0	0	0	-422
PM0000673	BH-VG	32529	0	0	0	0	0
PM0000674	BH-PP	-32729	0	0	0	0	-422
PM0000674	BH-VG	32729	0	0	0	0	0
PM0000675	BH-FG	0	-100	-100	0	0	0
PM0000675	BH-PP	-250	0	0	0	0	0
PM0000675	BH-VG	150	0	0	0	0	0
PM0000676	BH-FG	0	0	0	0	0	0
PM0000676	BH-NM	-5000	-16880	0	0	0	0
PM0000676	BH-PM	-9264	193230	387074	279974	-49526	0
PM0000676	BH-PP	-226324	28734	18545	-84355	14266	-5475
PM0000676	BH-VG	281624	0	0	0	0	0
PM0000676	BH-WST	-863	-1307	-3314	-3314	4969	0
PM0000676	GP-PM	-129480	0	0	0	0	0
PM0000677	BH-PM	-50400	-50400	-39200	-11200	-11200	0
PM0000677	BH-PP	-37605	23515	19950	12860	12860	0
PM0000677	BH-VG	61045	0	0	0	0	0
PM0000677	BH-WST	225	225	150	0	0	0
PM0000678	BH-NM	-264	-264	-264	-264	-264	0
PM0000678	BH-PM	-8400	-8400	0	0	0	0
PM0000678	BH-PP	-4399	865	-935	-935	-935	0
PM0000678	BH-VG	5264	0	0	0	0	0
PM0000679	BH-NM	-264	-264	-264	-264	-264	0
PM0000679	BH-PM	-8400	-8400	0	0	0	0
PM0000679	BH-PP	865	865	-935	-935	-935	0
PM0000680	BH-PM	-9000	-9000	0	0	0	0
PM0000680	BH-PP	1137	1201	-1199	-1199	-1199	0
PM0000680	BH-VG	64	0	0	0	0	0
PM0000681	BH-PM	-8500	0	0	0	0	0
PM0000681	BH-PP	-369	-7896	0	0	0	0
PM0000681	BH-VG	973	0	0	0	0	0
PM0000681	BH-WST	480	480	0	0	0	0
PM0000682	BH-PM	-9000	0	0	0	0	0
PM0000682	BH-PP	-20304	-7431	0	0	0	0
PM0000682	BH-VG	21873	0	0	0	0	0
PM0000682	BH-WST	15	15	0	0	0	0
PM0000683	BH-PM	-9300	0	0	0	0	0
PM0000683	BH-PP	-20039	-9066	0	0	0	0
PM0000683	BH-VG	20273	0	0	0	0	0
PM0000683	BH-WST	1650	1650	0	0	0	0
PM0000684	BH-PP	-3902	1837	1837	1837	1837	0
PM0000684	BH-VG	5739	0	0	0	0	0
PM0000685	BH-PP	-20302	1837	1837	1837	1837	0
PM0000685	BH-VG	22139	0	0	0	0	0
PM0000686	BH-PP	1223	1837	1837	1837	1837	0
PM0000686	BH-VG	614	0	0	0	0	0
PM0000687	BH-FG	0	0	0	0	0	0
PM0000687	BH-PM	-8	-8	-8	0	0	0
PM0000687	BH-PP	-16471	497	485	-4112	497	497
PM0000687	BH-VG	16968	0	0	0	0	0
PM0000687	BH-WST	17	17	17	17	-497	-497
PM0000688	BH-FG	0	0	0	0	0	0
PM0000688	BH-PM	-4850	-4850	-4850	-4850	-2346	0
PM0000688	BH-PP	-10263	766	766	765	318	0
PM0000688	BH-VG	11155	0	0	0	0	0
PM0000689	BH-PP	-2831	50	50	50	48	0
PM0000689	BH-VG	2881	0	0	0	0	0
PM0000690	BH-PM	-5091	-5091	-5091	-5091	-2000	0
PM0000690	BH-PP	-3181	872	872	871	-76	0
PM0000690	BH-VG	4179	0	0	0	0	0
PM0000691	BH-PP	-6746	1921	1921	1921	1921	-143
PM0000691	BH-VG	8667	0	0	0	0	0
PM0000692	BH-PP	1921	1921	1921	1921	1921	-143
PM0000693	BH-PP	-22112	1921	1921	1921	1921	-143
PM0000693	BH-VG	24033	0	0	0	0	0
PM0000694	BH-PM	-324	-324	-324	-324	0	0
PM0000694	BH-PP	-11011	3	3	3	3	-207
PM0000694	BH-VG	11014	0	0	0	0	0
PM0000695	BH-PM	-324	-324	-324	-324	0	0
PM0000695	BH-PP	-49491	3	3	3	3	-207
PM0000695	BH-VG	49494	0	0	0	0	0
PM0000696	BH-PM	-324	-324	-324	-324	0	0
PM0000696	BH-PP	-15155	3	3	3	3	-207
PM0000696	BH-VG	15158	0	0	0	0	0
PM0000697	BH-PP	-1296	0	0	0	0	0
PM0000697	BH-VG	1296	0	0	0	0	0
PM0000698	BH-PP	-5996	0	0	0	0	0
PM0000698	BH-VG	5996	0	0	0	0	0
PM0000699	BH-PP	0	0	0	0	0	0
PM0000700	BH-PM	-334	-334	-334	-334	0	0
PM0000700	BH-PP	-10618	0	0	0	-334	-370
PM0000700	BH-VG	10618	0	0	0	0	0
PM0000701	BH-PM	-334	-334	-334	-334	0	0
PM0000701	BH-PP	-26118	0	0	0	-334	-370
PM0000701	BH-VG	26118	0	0	0	0	0
PM0000702	BH-PM	-334	-334	-334	-334	0	0
PM0000702	BH-PP	-53788	0	0	0	-334	-370
PM0000702	BH-VG	53788	0	0	0	0	0
PM0000703	BH-PP	-103.91	0	0	0	0	0
PM0000703	BH-VG	103.91	0	0	0	0	0
PM0000703	GP-PM	70	0	0	0	0	0
PM0000704	BH-PP	-102.36	0	0	0	0	0
PM0000704	BH-VG	102.36	0	0	0	0	0
PM0000705	BH-PM	-273626	115424	-220576	-535608	-806976	0
PM0000705	BH-PP	-226847	59200	13480	72151	64891	0
PM0000705	BH-VG	257226	0	0	0	0	0
PM0000705	BH-WST	125263	117984	117984	41225	32765	0
PM0000705	GP-PM	-40320	0	0	0	0	0
PM0000707	BH-NM	785133	785133	785133	785133	362640	122000
PM0000707	BH-PM	-5017393	-3368293	-1988893	-28193	2096600	0
PM0000707	BH-PP	3504.27	3505.18	-573087.62	-838120.33	-734400.6	-122270.63
PM0000707	BH-VG	484808.37	0	0	0	0	0
PM0000707	BH-WST	72999.98	65428	45152	44802	13440	-21310
PM0000708	BH-PP	-22707	0	0	0	0	0
PM0000708	BH-VG	22707	0	0	0	0	0
PM0000709	BH-PP	-31207	0	0	0	0	0
PM0000709	BH-VG	31207	0	0	0	0	0
PM0000710	BH-PP	-25207	0	0	0	0	0
PM0000710	BH-VG	25207	0	0	0	0	0
PM0000711	BH-PP	-132719.52	0	0	0	0	0
PM0000711	BH-VG	132719.52	0	0	0	0	0
PM0000712	BH-FR	-2.5	-2.5	-2.5	-2.5	-2.5	0
PM0000712	BH-PP	2.43	2.5	2.5	2.5	2.5	0
PM0000712	BH-VG	0.07	0	0	0	0	0
PM0000713	BH-PM	-21150	-21150	-16800	-2800	-2800	0
PM0000713	BH-PP	5322.95	7028.77	7028.77	3638.8	3638.8	0
PM0000713	BH-VG	1667.92	0	0	0	0	0
PM0000713	BH-WST	649.93	649.93	120	0	0	0
PM0000714	BH-PM	-100	0	0	0	0	0
PM0000714	BH-PP	-723.42	0	0	0	0	0
PM0000714	BH-VG	823.42	0	0	0	0	0
PM0000715	BH-PM	-212	-200	-200	-200	-200	0
PM0000715	BH-PP	-139.67	150.33	150.33	-71.25	25	0
PM0000715	BH-VG	377	0	0	0	0	0
PM0000716	BH-PP	-8700	0	0	0	0	0
PM0000716	BH-VG	8700	0	0	0	0	0
PM0000717	BH-PP	-7800	0	0	0	0	0
PM0000717	BH-VG	7800	0	0	0	0	0
PM0000718	BH-PP	-5600	0	0	0	0	0
PM0000718	BH-VG	5600	0	0	0	0	0
PM0000719	BH-PP	-16253	497	485	-4112	497	497
PM0000719	BH-VG	16750	0	0	0	0	0
PM0000719	BH-WST	17	17	17	17	-497	-497
PM0000720	BH-PM	-260	-260	-260	-260	0	0
PM0000720	BH-PP	-7655	1203	1203	1203	943	0
PM0000720	BH-VG	8858	0	0	0	0	0
PM0000721	BH-PM	-255	-255	-255	-255	0	0
PM0000721	BH-PP	-7905	1198	1198	1198	943	0
PM0000721	BH-VG	9103	0	0	0	0	0
PM0000722	BH-PM	-255	-255	-255	-255	0	0
PM0000722	BH-PP	-7960	1198	1198	1198	943	0
PM0000722	BH-VG	9158	0	0	0	0	0
PM0000723	BH-PM	-339	-339	0	0	0	0
PM0000723	BH-PP	-360.78	28.5	-110.5	-227.5	0	0
PM0000723	BH-VG	389.28	0	0	0	0	0
PM0000723	GP-PM	-2229	-2229	-2229	-2229	-2229	0
PM0000724	BH-PM	-16400	-14800	-10000	-5200	-3200	0
PM0000724	BH-PP	-53073	14548	9748	4948	2948	0
PM0000724	BH-VG	69221	0	0	0	0	0
PM0000725	BH-PM	-22750	-15950	-10350	-5550	-3150	0
PM0000725	BH-PP	-252559.6	14066.17	9568.38	4546.79	2462.71	-76.13
PM0000725	BH-VG	271045.77	0	0	0	0	0
PM0000725	BH-WST	96	96	0	0	0	0
PM0000729	BH-PP	-5308.5	0	0	0	0	0
PM0000729	BH-VG	5308.5	0	0	0	0	0
PM0000730	BH-NM	-110883	-110883	-110883	-110883	-110883	0
PM0000730	BH-PM	-25749.7	-17950	-17950	-6550	0	0
PM0000730	BH-PP	6684.92	6685.76	6685.76	2412.8	-4137.2	-1244.16
PM0000730	BH-VG	109.32	0	0	0	0	0
PM0000730	GP-NM	113873	113873	113873	113873	113873	0
PM0000733	BH-PM	-11100	-11100	0	0	0	0
PM0000733	BH-PP	6981	6981	-3879	-3879	-2319	0
PM0000734	BH-PM	-8000	-8000	0	0	0	0
PM0000734	BH-PP	-1704	3881	-3879	-3879	-2319	0
PM0000734	BH-VG	5585	0	0	0	0	0
PM0000735	BH-PM	-7500	-7500	0	0	0	0
PM0000735	BH-PP	-1704	3381	-3879	-3879	-2319	0
PM0000735	BH-VG	5085	0	0	0	0	0
PM0000738	BH-NM	51272.2	51272.2	51272.2	51272.2	51272.2	0
PM0000738	BH-PM	-160360	-156637.2	-156637.2	-156637.2	-154672.2	0
PM0000738	BH-PP	591.08	3891.08	3891.08	3891.08	2090.56	0
PM0000738	BH-VG	2434	0	0	0	0	0
PM0000738	GP-NM	100000	100000	100000	100000	100000	0
PM0000739	BH-PM	-495360	0	0	0	0	0
PM0000739	BH-PP	91726	95855	95855	95855	95855	0
PM0000739	BH-VG	60291	0	0	0	0	0
PM0000739	BH-WST	4150	0	0	0	0	0
PM0000742	BH-PP	-14	0	0	0	0	0
PM0000742	BH-VG	14	0	0	0	0	0
PM0000743	BH-PP	-6350	0	0	0	0	0
PM0000743	BH-VG	6350	0	0	0	0	0
PM0000744	BH-PM	-36120	-36120	-36120	16800	0	0
PM0000744	BH-PP	-15195	15360	15360	-16800	0	0
PM0000744	BH-VG	30480	0	0	0	0	0
PM0000745	BH-FG	0	0	0	0	0	0
PM0000745	BH-PM	-410	-10	-10	-10	0	0
PM0000745	BH-PP	-360	0	0	0	0	0
PM0000745	BH-VG	360	0	0	0	0	0
PM0000746	BH-FG	0	0	0	0	0	0
PM0000746	BH-PM	-420	-20	-20	-20	0	0
PM0000746	BH-PP	-400	0	0	0	0	0
PM0000746	BH-VG	400	0	0	0	0	0
PM0000747	BH-PP	-20.06	0	0	0	0	0
PM0000747	BH-VG	20.06	0	0	0	0	0
PM0000748	BH-PP	-9204	0	0	0	0	0
PM0000748	BH-VG	9204	0	0	0	0	0
PM0000749	BH-PP	-9056	0	0	0	0	0
PM0000749	BH-VG	9056	0	0	0	0	0
PM0000750	BH-PP	-9070	0	0	0	0	0
PM0000750	BH-VG	9070	0	0	0	0	0
PM0000752	BH-PP	-9264	0	0	0	0	0
PM0000752	BH-VG	9264	0	0	0	0	0
PM0000753	BH-PP	-6600	0	0	0	0	0
PM0000753	BH-VG	6600	0	0	0	0	0
PM0000754	BH-PP	-9560	0	0	0	0	0
PM0000754	BH-VG	9560	0	0	0	0	0
PM0000755	BH-PP	-3400	0	0	0	0	0
PM0000755	BH-VG	3400	0	0	0	0	0
PM0000757	BH-FG	0	0	0	0	0	0
PM0000757	BH-PM	-10	-10	-10	-10	0	0
PM0000758	BH-PP	-2400	0	0	0	0	0
PM0000758	BH-VG	2400	0	0	0	0	0
PM0000759	BH-PP	-2400	0	0	0	0	0
PM0000759	BH-VG	2400	0	0	0	0	0
PM0000760	BH-PP	-400	0	0	0	0	0
PM0000760	BH-VG	400	0	0	0	0	0
PM0000761	BH-PP	-400	0	0	0	0	0
PM0000761	BH-VG	400	0	0	0	0	0
PM0000762	BH-PP	-560	0	0	0	0	0
PM0000762	BH-VG	560	0	0	0	0	0
PM0000763	BH-PP	-400	0	0	0	0	0
PM0000763	BH-VG	400	0	0	0	0	0
PM0000764	BH-PP	-400	0	0	0	0	0
PM0000764	BH-VG	400	0	0	0	0	0
PM0000765	BH-PP	-400	0	0	0	0	0
PM0000765	BH-VG	400	0	0	0	0	0
PM0000767	BH-PP	-400	0	0	0	0	0
PM0000767	BH-VG	400	0	0	0	0	0
PM0000768	BH-PP	144	204	204	204	204	0
PM0000768	BH-VG	60	0	0	0	0	0
PM0000769	BH-PM	14921	0	0	0	0	0
PM0000769	BH-PP	204	204	204	204	204	0
PM0000770	BH-PM	10247	0	0	0	0	0
PM0000770	BH-PP	204	204	204	204	204	0
PM0000771	BH-PP	-1897	0	0	0	0	0
PM0000771	BH-VG	1897	0	0	0	0	0
PM0000772	BH-PP	-1197	0	0	0	0	0
PM0000772	BH-VG	1197	0	0	0	0	0
PM0000773	BH-PP	-1897	0	0	0	0	0
PM0000773	BH-VG	1897	0	0	0	0	0
PM0000775	BH-PM	5786	5786	5786	5786	5786	0
PM0000775	BH-PP	9.17	9.17	9.17	9.17	9	0
PM0000775	BH-VG	95	0	0	0	0	0
PM0000775	GP-PM	-2900	-350	-350	-350	-350	0
PM0000776	BH-PF	-365	0	0	0	0	0
PM0000776	BH-PM	8444	9284	9284	9001	7924	0
PM0000776	BH-PP	-379.79	844.25	844.25	-674.75	402.25	-324
PM0000776	BH-VG	2426.04	0	0	0	0	0
PM0000776	GP-PM	-3658	-3658	-3658	0	0	0
PM0000777	BH-PM	-125000	-70000	-70000	-15000	0	0
PM0000777	BH-PP	-77735	19228	19228	8772	-6228	-7776
PM0000777	BH-VG	103891	0	0	0	0	0
PM0000778	BH-FG	1	1	0	0	0	0
PM0000778	BH-PM	-98	-98	0	0	0	0
PM0000778	BH-PP	-2	0	0	0	0	0
PM0000778	BH-VG	2	0	0	0	0	0
PM0000782	BH-PP	-663.33	0	0	0	0	0
PM0000782	BH-VG	663.33	0	0	0	0	0
PM0000783	BH-PM	-126631	-126631	-6831	23169	23169	0
PM0000783	BH-PP	-10188.34	0.42	-8163.02	-27826.39	-23169.43	-0.43
PM0000783	BH-VG	10188.77	0	0	0	0	0
PM0000783	BH-WST	2500.42	2500.42	417	-278	-278	-278
PM0000784	BH-PM	-66200	-66200	8500	8500	0	0
PM0000784	BH-PP	-26858.88	1116.32	-12465.28	-8701.6	0	0
PM0000784	BH-VG	27975.2	0	0	0	0	0
PM0000784	BH-WST	2292	2292	2292	0	0	0
PM0000785	BH-PM	-411	-411	0	0	0	0
PM0000785	BH-PP	-820.66	11.22	-399.78	-399.78	10.66	0
PM0000785	BH-VG	831.88	0	0	0	0	0
PM0000787	BH-PM	-1134000	-1134000	-60000	0	0	0
PM0000787	BH-PP	-34958	83722	-55844	-33668	-1784	-1808
PM0000787	BH-VG	118680	0	0	0	0	0
PM0000787	BH-WST	19082	19082	14312	0	0	0
PM0000789	BH-PP	93.4	94.2	94.2	94.2	94.2	0
PM0000789	BH-VG	0.8	0	0	0	0	0
PM0000790	BH-PP	957	1119	0	0	0	0
PM0000790	BH-VG	162	0	0	0	0	0
PM0000791	BH-PM	-504	-504	-504	-504	-504	0
PM0000791	BH-PP	-1393	0	0	0	0	0
PM0000791	BH-VG	1393	0	0	0	0	0
PM0000792	BH-PM	1179870	222690	431690	712790	180700	0
PM0000792	BH-PP	68497.76	73635.32	51585.16	46533.84	58835.36	-22606.56
PM0000792	BH-VG	9703.32	0	0	0	0	0
PM0000792	BH-WST	10907	10907	7645	2946	1980	780
PM0000793	BH-PM	610250	720650	57350	377150	57750	0
PM0000793	BH-PP	-14394.23	802.19	802.19	-22974.99	-32523.12	775
PM0000793	BH-VG	7550.91	0	0	0	0	0
PM0000793	BH-WST	6869	6709	6709	3018	1465	-775
PM0000794	BH-PM	-78600	-25000	-254350	-237100	-138900	0
PM0000794	BH-PP	-7930.26	-37459.62	-17616.74	-34866.74	-18707.94	-251.54
PM0000794	BH-VG	5290.24	0	0	0	0	0
PM0000794	BH-WST	1383	1343	673	673	247	-783
PM0000795	BH-PM	0	0	0	0	0	0
PM0000798	BH-PM	1012	0	0	0	0	0
PM0000799	BH-FG	0	0	0	0	0	0
PM0000799	BH-INT	31	31	31	31	31	0
PM0000799	BH-JW	0	0	-31.25	-31.25	0	0
PM0000799	BH-PM	439.35	439.35	-100	-100	0	0
PM0000799	BH-PP	0	0	0	0	-31.25	0
PM0000799	DL-INT	0	0	0	0	0	0
PM0000799	DL-PS	0.25	0.25	0.25	0.25	0.25	0
PM0000800	BH-PM	-9	0	0	0	0	0
PM0000800	BH-VG	9	0	0	0	0	0
PM0000801	BH-NM	58161	0	0	0	0	0
PM0000801	BH-PM	0	0	0	0	0	0
PM0000801	BH-PP	0	0	0	0	0	0
PM0000801	BH-VG	0.6	0	0	0	0	0
PM0000802	BH-PM	2184	-816	0	0	0	0
PM0000802	BH-PP	0	0	-816	-816	0	0
PM0000802	BH-VG	3356	0	0	0	0	0
PM0000803	BH-PM	306730	0	0	0	0	0
PM0000804	BH-PM	303890	0	0	0	0	0
PM0000805	BH-PM	310960	0	0	0	0	0
PM0000806	BH-FG	84	84	0	0	0	0
PM0000806	BH-PM	161	161	105	-184	28	-276
PM0000806	BH-PP	488	488	488	488	276	276
PM0000806	BH-WST	156	156	156	0	0	0
PM0000807	BH-FG	114	114	0	0	0	0
PM0000807	BH-PM	100	100	14	-239	-59	-309
PM0000807	BH-PP	489	489	489	489	309	309
PM0000807	BH-WST	132	132	132	0	0	0
PM0000808	BH-FG	411	411	0	0	0	0
PM0000808	BH-PM	335	335	111	-921	-433	-1729
PM0000808	BH-PP	2217	2217	2217	2217	1729	1729
PM0000808	BH-WST	188	188	188	0	0	0
PM0000809	BH-PM	0	0	0	0	0	0
PM0000809	BH-PP	0	0	0	0	0	0
PM0000809	BH-WST	5	5	0	0	0	0
PM0000810	BH-PM	0	0	0	0	0	0
PM0000810	BH-PP	654	654	654	-1081	-28	0
PM0000811	BH-PP	6572	6572	6572	-1081	-28	0
PM0000812	BH-PP	6644	6644	6644	-1081	-28	0
RM0000026	BH-PP	-250	0	0	0	0	0
RM0000026	BH-VG	250	0	0	0	0	0
RM0000027	BH-PP	-250	0	0	0	0	0
RM0000027	BH-VG	250	0	0	0	0	0
RM0000028	BH-PP	-250	0	0	0	0	0
RM0000028	BH-VG	250	0	0	0	0	0
RM0000042	BH-PP	-2269.77	0	0	0	0	0
RM0000042	BH-VG	2269.77	0	0	0	0	0
RM0000043	BH-PP	-47918.86	0	-1.1	0	0	0
RM0000043	BH-VG	47918.86	0	0	0	0	0
RM0000043	BH-WST	1.1	1.1	1.1	0	0	0
RM0000044	BH-FR	-56500	-18700	-17362	-17362	-10362	0
RM0000044	BH-PP	-245537.02	13450.06	16649.86	9982.96	3962	0
RM0000044	BH-VG	263187.08	0	0	0	0	0
RM0000044	BH-WST	0.2	0.2	0.2	0	0	0
RM0000045	BH-FR	-280	-265	399.8	399.8	399.8	0
RM0000045	BH-PP	-21205.5	449.36	449.36	-470.24	-399.8	0
RM0000045	BH-VG	21669.86	0	0	0	0	0
RM0000046	BH-FR	-4677	16038	16438	16438	17062.72	0
RM0000046	BH-LB	-1	-1	-1	0	0	0
RM0000046	BH-PP	348.76	360.04	600.04	600.04	0	0
RM0000046	BH-VG	19151.29	0	0	0	0	0
RM0000047	BH-FR	1650	-3350	-3177	-2289	-2057.59	0
RM0000047	BH-PF	-2000	0	0	0	0	0
RM0000047	BH-PP	-11839.9	1986.19	1985.99	1687.11	1776.59	-111
RM0000047	BH-VG	11615.59	-2430	-2430	-2430	-2430	0
RM0000048	BH-PP	-16500	0	0	0	0	0
RM0000048	BH-VG	16500	0	0	0	0	0
RM0000050	BH-FR	0	0	2336	2336	2336	0
RM0000050	BH-PP	-5495.3	0	0	0	0	0
RM0000050	BH-VG	5495.3	0	0	0	0	0
RM0000053	BH-FR	-441.6	-294.6	0	0	0	0
RM0000053	BH-PP	-9143.8	-147	0	0	0	0
RM0000053	BH-VG	9143.8	0	0	0	0	0
RM0000055	BH-PP	-1000	0	0	0	0	0
RM0000055	BH-VG	1000	0	0	0	0	0
RM0000056	BH-PP	-5.12	0	0	0	0	0
RM0000056	BH-VG	5.12	0	0	0	0	0
RM0000057	BH-FG	0	0	0	0	0	0
RM0000057	BH-FR	-3750	42012	0	0	0	0
RM0000057	BH-PP	-85183.58	0	0	0	0	0
RM0000057	BH-SN	-80000	-80000	0	0	0	0
RM0000057	BH-VG	130267.58	0	0	0	0	0
RM0000060	BH-PP	-83780	0	0	0	0	0
RM0000060	BH-VG	83780	0	0	0	0	0
RM0000062	BH-PM	45000	45000	45000	0	0	0
RM0000063	BH-FR	1226	1226	1226	1226	1226	0
RM0000063	BH-PP	-4126	0	0	0	0	0
RM0000063	BH-VG	4126	0	0	0	0	0
RM0000064	BH-FR	-32000	10704	18704	18704	18704	0
RM0000064	BH-PP	-20617.03	-8000.01	-0.34	0	0	0
RM0000064	BH-VG	55145.02	0	0	0	0	0
RM0000064	BH-WST	0.34	0.34	0.34	0	0	0
RM0000065	BH-PP	-650000	0	0	0	0	0
RM0000065	BH-VG	650000	0	0	0	0	0
RM0000066	BH-LB	-500001	-500001	-500001	0	0	0
RM0000066	BH-PP	-1144000	0	0	0	0	0
RM0000066	BH-VG	1144000	0	0	0	0	0
RM0000067	BH-LB	-1	-1	-1	0	0	0
RM0000067	BH-PP	-100000	0	0	0	0	0
RM0000067	BH-VG	100000	0	0	0	0	0
RM0000070	BH-LB	-245	-245	-245	0	0	0
RM0000071	BH-LB	-1002	-1002	-1002	0	0	0
RM0000074	BH-LB	-2	-2	-2	0	0	0
RM0000075	BH-LB	-2000	-2000	-2000	0	0	0
RM0000079	BH-LB	-4	-4	-4	0	0	0
RM0000084	BH-LB	-5	-5	-5	0	0	0
RM0000086	BH-FR	1273.6	1291.6	1328.8	1328.8	1328.8	0
RM0000086	BH-PP	-2049.62	16.49	34.49	0	0	0
RM0000086	BH-VG	2084.11	0	0	0	0	0
RM0000087	BH-FR	584.82	588.02	594.42	594.42	594.74	0
RM0000087	BH-PP	-11.55	-3.2	0	0	0	0
RM0000087	BH-VG	11.55	0	0	0	0	0
RM0000092	BH-LB	-250	-250	-250	0	0	0
RM0000096	BH-LB	-1	-1	-1	0	0	0
RM0000102	BH-LB	-500	-500	-500	0	0	0
RM0000103	BH-LB	-5	-5	-5	0	0	0
RM0000108	BH-PP	-2	0	0	0	0	0
RM0000108	BH-VG	2	0	0	0	0	0
RM0000112	BH-LB	-2000	-2000	-2000	0	0	0
RM0000113	BH-FR	-209000	-69000	11000	11000	11000	0
RM0000113	BH-PP	-188723.98	-80000	0	0	0	0
RM0000113	BH-VG	248723.98	0	0	0	0	0
RM0000115	BH-PF	-970.6	0	0	0	0	0
RM0000115	BH-PP	655.72	776.2	-775.8	-775.8	-463.8	0
RM0000115	BH-VG	1091.08	0	0	0	0	0
RM0000116	BH-FR	1.5	1.5	1.5	1.5	1.5	0
RM0000116	BH-PP	-0.93	0	0	0	0	0
RM0000116	BH-VG	0.93	0	0	0	0	0
RM0000117	BH-PP	-1190.4	0	0	0	0	0
RM0000117	BH-VG	1190.4	0	0	0	0	0
RM0000118	BH-PF	-20.41	0	0	0	0	0
RM0000118	BH-PP	-1836.51	113.75	-286.25	-286.25	-40	0
RM0000118	BH-VG	960.67	0	0	0	0	0
RM0000119	BH-FR	-9.5	-5	-5	-1	0	0
RM0000119	BH-PP	-6.5	0.5	0.5	0.5	-0.5	-0.5
RM0000119	BH-VG	7.5	0	0	0	0	0
RM0000120	BH-FR	-2850	-2850	-2850	-2850	-2850	0
RM0000120	BH-PP	350	2850	2850	2850	2850	0
RM0000120	BH-VG	2500	0	0	0	0	0
RM0000121	BH-PP	-284.2	0	0	0	0	0
RM0000121	BH-VG	284.2	0	0	0	0	0
RM0000123	BH-PP	-0.64	0	0	0	0	0
RM0000123	BH-VG	0.64	0	0	0	0	0
RM0000124	BH-PP	-1.2	0	0	0	0	0
RM0000124	BH-VG	1.2	0	0	0	0	0
RM0000127	BH-PP	-2	0	0	0	0	0
RM0000127	BH-VG	2	0	0	0	0	0
RM0000128	BH-PP	-221	0	0	0	0	0
RM0000128	BH-VG	221	0	0	0	0	0
RM0000129	BH-PP	-1.15	0	0	0	0	0
RM0000129	BH-VG	1.15	0	0	0	0	0
RM0000131	BH-PP	-6.09	0	0	0	0	0
RM0000131	BH-VG	6.09	0	0	0	0	0
RM0000132	BH-PP	-962.4	0	0	0	0	0
RM0000132	BH-VG	962.4	0	0	0	0	0
RM0000133	BH-PP	-43	0	0	0	0	0
RM0000133	BH-VG	43	0	0	0	0	0
RM0000134	BH-PF	-3826.56	0	0	0	0	0
RM0000134	BH-PP	-2286.16	88.3	88.3	88.3	88.3	-244.16
RM0000134	BH-VG	6509.5	0	0	0	0	0
RM0000134	BH-WST	872.96	872.96	872.96	0	0	0
RM0000135	BH-PP	-3316.4	0	0	0	0	0
RM0000135	BH-VG	3316.4	0	0	0	0	0
RM0000136	BH-PP	-2559.2	0	0	0	0	0
RM0000136	BH-VG	2559.2	0	0	0	0	0
RM0000137	BH-PP	-0.55	0	0	0	0	0
RM0000137	BH-VG	0.55	0	0	0	0	0
RM0000138	BH-PP	384.2	384.2	384.2	384.2	384.2	-28.6
RM0000139	BH-FR	1120	1120	1120	1120	1280.34	0
RM0000139	BH-PP	-963.18	76.82	76.82	76.82	0	0
RM0000139	BH-VG	1040	0	0	0	0	0
RM0000140	BH-FR	-84.25	-84.25	-84.25	-84.25	0	0
RM0000140	BH-PP	-4751.59	0.01	0.01	0.01	0	0
RM0000140	BH-VG	4751.6	0	0	0	0	0
RM0000141	BH-PP	-3670.01	0	0	0	0	0
RM0000141	BH-VG	3670.01	0	0	0	0	0
RM0000142	BH-PP	-1000	0	0	0	0	0
RM0000142	BH-VG	1000	0	0	0	0	0
RM0000143	BH-PP	-852	0	0	0	0	0
RM0000143	BH-VG	852	0	0	0	0	0
RM0000144	BH-PP	-1692.25	3448.5	3448.5	0	0	0
RM0000144	BH-VG	5140.75	0	0	0	0	0
RM0000145	BH-PF	-3200	0	0	0	0	0
RM0000145	BH-PP	-2275.41	0	0	0	0	-41.4
RM0000145	BH-VG	5475.41	0	0	0	0	0
RM0000146	BH-PF	-739.2	0	0	0	0	0
RM0000146	BH-PP	-4054	0	0	0	0	-74
RM0000146	BH-VG	4793.2	0	0	0	0	0
RM0000147	BH-PP	-1681.24	0	0	0	0	0
RM0000147	BH-VG	1681.24	0	0	0	0	0
RM0000148	BH-PP	-0.83	0.07	0.07	0.07	0.07	0
RM0000148	BH-VG	0.9	0	0	0	0	0
RM0000149	BH-FR	2570	2570	2570	2570	2570	0
RM0000149	BH-PP	-2553.3	0	0	0	0	0
RM0000149	BH-VG	2553.3	0	0	0	0	0
RM0000150	BH-PP	-1.45	0	0	0	0	0
RM0000150	BH-VG	1.45	0	0	0	0	0
RM0000151	BH-FR	-15000	10408	-24592	-24592	-11603.2	0
RM0000151	BH-NM	-30000	-30000	0	0	0	0
RM0000151	BH-PP	-57891.45	11605.01	11604.34	11605	-396.8	0
RM0000151	BH-VG	66552.46	0	0	0	0	0
RM0000151	BH-WST	0.66	0.66	0.66	0	0	0
RM0000152	BH-FR	-1600	0	0	0	0	0
RM0000152	BH-PP	-8460	-1600	0	0	0	0
RM0000152	BH-VG	8460	0	0	0	0	0
RM0000153	BH-PP	-361.3	0	0	0	0	0
RM0000153	BH-VG	361.3	0	0	0	0	0
RM0000154	BH-FR	695	695	695	695	695	0
RM0000154	BH-PP	-0.65	0	0	0	0	0
RM0000154	BH-VG	0.65	0	0	0	0	0
RM0000155	BH-FR	-13400	-2650	-2650	-2650	-550	0
RM0000155	BH-PP	-1592.04	2676.28	2676.28	377.28	-1550	0
RM0000155	BH-VG	3993.32	0	0	0	0	0
RM0000156	BH-PP	-0.45	0	0	0	0	0
RM0000156	BH-VG	0.45	0	0	0	0	0
RM0000158	BH-PP	-2.28	0	0	0	0	0
RM0000158	BH-VG	2.28	0	0	0	0	0
RM0000159	BH-PP	-3006.8	0	0	0	0	-84.4
RM0000159	BH-VG	3006.8	0	0	0	0	0
RM0000160	BH-PP	-0.24	0	0	0	0	0
RM0000160	BH-VG	0.24	0	0	0	0	0
RM0000162	BH-PP	187.8	188.6	188.6	188.6	188.6	0
RM0000162	BH-VG	0.8	0	0	0	0	0
RM0000163	BH-FR	2	2	2	2	2	0
RM0000163	BH-PP	-4.5	0	0	0	0	0
RM0000163	BH-VG	4.51	0	0	0	0	0
RM0000164	BH-FR	1	1	1	1	2	2
RM0000164	BH-PM	0	0	0	0	0	-2
RM0000164	BH-PP	-5.57	0.23	0.23	0.23	0	0
RM0000164	BH-VG	5.8	0	0	0	0	0
RM0000165	BH-FR	-10550	-1075	2125	2125	3748.7	0
RM0000165	BH-PP	1300.33	-99.68	1500.33	1500.33	0	0
RM0000165	BH-VG	200	0	0	0	0	0
RM0000166	BH-PF	-1117.6	0	0	0	0	0
RM0000166	BH-PP	367.4	367.4	367.4	367.4	367.4	0
RM0000166	BH-VG	1117.6	0	0	0	0	0
RM0000167	BH-PP	-1	0	0	0	0	0
RM0000167	BH-VG	1	0	0	0	0	0
RM0000168	BH-PF	-208	0	0	0	0	0
RM0000168	BH-PP	-603.6	0	0	0	0	0
RM0000168	BH-VG	811.6	0	0	0	0	0
RM0000168	BH-WST	116.8	116.8	0	0	0	0
RM0000169	BH-PP	-0.48	0	0	0	0	0
RM0000169	BH-VG	0.48	0	0	0	0	0
RM0000170	BH-PF	-1421	0	0	0	0	0
RM0000170	BH-PP	441.25	443.75	443.75	443	443	0
RM0000170	BH-VG	1518	0	0	0	0	0
RM0000171	BH-PF	-634	0	0	0	0	0
RM0000171	BH-PP	-584.75	37.5	37.5	37.5	36	0
RM0000171	BH-VG	1256.25	0	0	0	0	0
RM0000172	BH-PP	-2.4	0	0	0	0	0
RM0000172	BH-VG	2.4	0	0	0	0	0
RM0000173	BH-FG	0	0	0	0	-500	0
RM0000173	BH-FR	-35300	-3260	-3260	-3260	-2410	0
RM0000173	BH-PP	-65272.27	2410	2408.67	2410	2410	0
RM0000173	BH-VG	217962.27	0	0	0	0	0
RM0000173	BH-WST	1.33	1.33	1.33	0	0	0
RM0000174	BH-PF	-4269	0	0	0	0	0
RM0000174	BH-PP	-183.6	0	0	0	0	0
RM0000174	BH-VG	4452.6	0	0	0	0	0
RM0000175	BH-FR	730	730	730	730	730	0
RM0000175	BH-PP	-857.18	19.54	19.54	0	0	0
RM0000175	BH-VG	876.72	0	0	0	0	0
RM0000177	BH-PP	-4661.5	2299	2299	0	0	0
RM0000177	BH-VG	6960.5	0	0	0	0	0
RM0000178	BH-PP	-511.5	2299	2299	0	0	0
RM0000178	BH-VG	2810.5	0	0	0	0	0
RM0000179	BH-PP	-1739075	114950	114950	0	0	0
RM0000179	BH-VG	1854025	0	0	0	0	0
RM0000180	BH-PP	-250	0	0	0	0	0
RM0000180	BH-VG	250	0	0	0	0	0
RM0000184	BH-PP	0	0	0	-2.3	0	0
RM0000185	BH-PP	-3774	248.5	242.5	242.5	248.5	248.5
RM0000185	BH-VG	4022.5	0	0	0	0	0
RM0000185	BH-WST	10	10	10	10	-248.5	-248.5
RM0000186	BH-FR	2000	2000	2000	2000	2000	0
RM0000187	BH-PP	-450	0	0	0	0	0
RM0000187	BH-VG	450	0	0	0	0	0
RM0000188	BH-FR	-1935	0	0	0	0	0
RM0000188	BH-PP	-2600	0	0	0	0	0
RM0000188	BH-VG	4535	0	0	0	0	0
RM0000189	BH-FR	-1755	0	0	0	0	0
RM0000189	BH-PP	-200	0	0	0	0	0
RM0000189	BH-VG	1955	0	0	0	0	0
RM0000191	BH-FR	5000	5000	5000	5000	5000	0
RM0000192	BH-FR	-233.6	-233.6	0	0	0	0
RM0000192	BH-PP	-4122	0	0	0	0	0
RM0000192	BH-VG	4122	0	0	0	0	0
RM0000193	BH-FR	800	800	800	800	800	0
RM0000193	BH-PP	-1078.04	0	0	0	0	0
RM0000193	BH-VG	1078.04	0	0	0	0	0
RM0000194	BH-LB	-2	-2	-2	0	0	0
RM0000196	BH-FG	-350	0	0	0	0	0
RM0000196	BH-FR	350	0	0	0	0	0
RM0000196	BH-LB	150	150	0	0	0	0
RM0000196	BH-PP	-350	0	0	0	0	0
RM0000196	BH-VG	0	0	0	0	0	0
RM0000199	BH-FR	486481.5	486919.5	486919.5	486919.5	486919.5	0
RM0000199	BH-PP	-15.19	0	-0.67	0	0	0
RM0000199	BH-VG	101.19	0	0	0	0	0
RM0000199	BH-WST	0.67	0.67	0.67	0	0	0
RM0000209	BH-LB	-1227	-1227	-1227	0	0	0
RM0000242	BH-FR	-12	-7.68	-7.04	3.96	4.36	0
RM0000242	BH-PF	-0.19	0	0	0	0	0
RM0000242	BH-PP	-24.49	-0.23	0.09	0.09	0	-0.2
RM0000242	BH-VG	25.07	0	0	0	0	0
RM0000242	BH-WST	4.04	4.04	4.04	-5.36	-5.36	0
RM0000243	BH-FR	350	350	350	350	350	0
RM0000243	BH-PP	-308	0	0	0	0	0
RM0000243	BH-VG	308	0	0	0	0	0
RM0000244	BH-PP	-20	0	0	0	0	0
RM0000244	BH-VG	20	0	0	0	0	0
RM0000246	BH-PP	-663.3	0	0	0	0	0
RM0000246	BH-VG	663.3	0	0	0	0	0
RM0000249	BH-PF	-810.4	0	0	0	0	0
RM0000249	BH-PP	-352.8	40.2	-239.8	-239.8	-239.8	0
RM0000249	BH-VG	1203.4	0	0	0	0	0
RM0000250	BH-PP	-880	0	0	0	0	0
RM0000250	BH-VG	880	0	0	0	0	0
RM0000256	BH-PP	-2.7	0	0	0	0	0
RM0000256	BH-VG	2.7	0	0	0	0	0
RM0000258	BH-FG	0	0	0	0	0	0
RM0000258	BH-INT	274998	274998	274998	274998	274998	0
RM0000258	BH-JW	0	0	-274998	-274998	0	0
RM0000258	BH-PF	0	0	0	0	0	0
RM0000258	BH-PP	-103882.39	0	0	0	-274998	0
RM0000258	BH-VG	103882.39	0	0	0	0	0
RM0000258	DL-INT	0	0	0	0	0	0
RM0000258	DL-PS	3168	0	0	0	0	0
RM0000259	BH-PP	0	0	0	0	0	0
RM0000261	BH-PP	-32.8	0	0	0	0	0
RM0000261	BH-VG	32.8	0	0	0	0	0
RM0000262	BH-FR	-5200	50	50	50	132.41	0
RM0000262	BH-PP	500.16	500.16	500.16	500.16	500	0
RM0000263	BH-FR	24000	24000	24000	24000	24000	0
RM0000263	BH-PP	-35483.2	541.15	541.15	-33.6	0	0
RM0000263	BH-VG	36024.35	0	0	0	0	0
RM0000265	BH-PP	40.8	40.8	40.8	40.8	40.8	0
RM0000266	BH-FR	-8157.3	-2381.3	-2381.3	-2381.3	-1100	0
RM0000266	BH-PP	1190.83	1190.83	1190.83	1190.83	0	0
RM0000266	BH-VG	1	0	0	0	0	0
RM0000267	BH-PP	690.56	690.56	690.56	690.56	690.56	0
RM0000267	BH-VG	1072.8	0	0	0	0	0
RM0000268	BH-PP	-69230	6900	6900	0	0	0
RM0000268	BH-VG	88430	0	0	0	0	0
RM0000269	BH-PP	-2.16	0	0	0	0	0
RM0000269	BH-VG	2.16	0	0	0	0	0
