group	section	host	path	methods	classification	proven	const	fields	evidence	source
platform	Help-Support-Center	sellercentral.amazon.in	/communities/seller-news/articles	GET	READ	PROVEN		4	PROVEN live GET 200 (200)	live-walk
platform	Help-Support-Center	sellercentral.amazon.in	/cu/case-lobby	?	READ			0	page route — server-rendered GET	d1bkay65ooam95.cloudfront.net_help_hub_main.952fe11d767a76f7ba6b.chunk.min.js
platform	Help-Support-Center	sellercentral.amazon.in	/cu/contact-us	?	READ		url	0	page route — server-rendered GET	d1bkay65ooam95.cloudfront.net_help_hub_12.f82baeb2833629d5b516.chunk.min.js
platform	Help-Support-Center	sellercentral.amazon.in	/forums/index.jspa	?	READ		url	0	page route — server-rendered GET	d1bkay65ooam95.cloudfront.net_help_hub_12.f82baeb2833629d5b516.chunk.min.js
platform	Help-Support-Center	sellercentral.amazon.in	/forums/t/	?	READ			0	page route — server-rendered GET	d1bkay65ooam95.cloudfront.net_help_hub_amznvendor.f13c0a826c39124a21fa.chunk.min.js
platform	Help-Support-Center	sellercentral.amazon.in	/gp/aw/help	?	UNKNOWN		path	0	verb and posture not proven (G1: denied)	d1bkay65ooam95.cloudfront.net_help_hub_12.f82baeb2833629d5b516.chunk.min.js
platform	Help-Support-Center	sellercentral.amazon.in	/gp/case-dashboard	?	UNKNOWN			0	verb and posture not proven (G1: denied)	d1bkay65ooam95.cloudfront.net_help_hub_main~preload.2e2ae902aa4dcc50778f.chunk.min.js
platform	Help-Support-Center	sellercentral.amazon.in	/gp/contact-amazon	?	UNKNOWN			0	verb and posture not proven (G1: denied)	d1bkay65ooam95.cloudfront.net_help_hub_main~preload.2e2ae902aa4dcc50778f.chunk.min.js
platform	Help-Support-Center	sellercentral.amazon.in	/gp/contact-us	?	UNKNOWN			0	verb and posture not proven (G1: denied)	d1bkay65ooam95.cloudfront.net_help_hub_main~preload.2e2ae902aa4dcc50778f.chunk.min.js
platform	Help-Support-Center	sellercentral.amazon.in	/gp/help	?	UNKNOWN		path	0	verb and posture not proven (G1: denied)	d1bkay65ooam95.cloudfront.net_help_hub_12.f82baeb2833629d5b516.chunk.min.js
platform	Help-Support-Center	sellercentral.amazon.in	/gp/help/	GET	READ			0	GET (documented from bundle)	d1bkay65ooam95.cloudfront.net_help_hub_main~preload.2e2ae902aa4dcc50778f.chunk.min.js
platform	Help-Support-Center	sellercentral.amazon.in	/gp/help/customer/	?	READ		path	0	page route — server-rendered GET	d1bkay65ooam95.cloudfront.net_help_hub_12.f82baeb2833629d5b516.chunk.min.js
platform	Help-Support-Center	sellercentral.amazon.in	/gp/help/embed/{guid}	?	READ		path	0	page route — server-rendered GET	d1bkay65ooam95.cloudfront.net_help_hub_12.f82baeb2833629d5b516.chunk.min.js
platform	Help-Support-Center	sellercentral.amazon.in	/gp/help/embed/{param}	?	READ		source	0	page route — server-rendered GET	d1bkay65ooam95.cloudfront.net_help_hub_amznvendor.f13c0a826c39124a21fa.chunk.min.js
platform	Help-Support-Center	sellercentral.amazon.in	/gp/help/external	?	READ		path	0	page route — server-rendered GET	d1bkay65ooam95.cloudfront.net_help_hub_12.f82baeb2833629d5b516.chunk.min.js
platform	Help-Support-Center	sellercentral.amazon.in	/gp/help/external/	GET	READ			0	GET (documented from bundle)	d1bkay65ooam95.cloudfront.net_help_hub_main~preload.2e2ae902aa4dcc50778f.chunk.min.js
platform	Help-Support-Center	sellercentral.amazon.in	/gp/help/external/help-content.html	?	READ		path	0	page route — server-rendered GET	d1bkay65ooam95.cloudfront.net_help_hub_12.f82baeb2833629d5b516.chunk.min.js
platform	Help-Support-Center	sellercentral.amazon.in	/gp/help/external/help-folder.html	?	READ		path	0	page route — server-rendered GET	d1bkay65ooam95.cloudfront.net_help_hub_12.f82baeb2833629d5b516.chunk.min.js
platform	Help-Support-Center	sellercentral.amazon.in	/gp/help/external/help-home.html	?	READ		path	0	page route — server-rendered GET	d1bkay65ooam95.cloudfront.net_help_hub_12.f82baeb2833629d5b516.chunk.min.js
platform	Help-Support-Center	sellercentral.amazon.in	/gp/help/external/help-page.html	?	READ		path	0	page route — server-rendered GET	d1bkay65ooam95.cloudfront.net_help_hub_12.f82baeb2833629d5b516.chunk.min.js
platform	Help-Support-Center	sellercentral.amazon.in	/gp/help/external/help.html	?	READ		path	0	page route — server-rendered GET	d1bkay65ooam95.cloudfront.net_help_hub_12.f82baeb2833629d5b516.chunk.min.js
platform	Help-Support-Center	sellercentral.amazon.in	/gp/help/external/home	?	READ		path	0	page route — server-rendered GET	d1bkay65ooam95.cloudfront.net_help_hub_12.f82baeb2833629d5b516.chunk.min.js
platform	Help-Support-Center	sellercentral.amazon.in	/gp/help/external/home.html	?	READ		path	0	page route — server-rendered GET	d1bkay65ooam95.cloudfront.net_help_hub_12.f82baeb2833629d5b516.chunk.min.js
platform	Help-Support-Center	sellercentral.amazon.in	/gp/help/external/login-help.html	?	READ		path	0	page route — server-rendered GET	d1bkay65ooam95.cloudfront.net_help_hub_12.f82baeb2833629d5b516.chunk.min.js
platform	Help-Support-Center	sellercentral.amazon.in	/gp/help/external/{guid}/	?	READ		path	0	page route — server-rendered GET	d1bkay65ooam95.cloudfront.net_help_hub_12.f82baeb2833629d5b516.chunk.min.js
platform	Help-Support-Center	sellercentral.amazon.in	/gp/help/help-content.html	?	READ		path	0	page route — server-rendered GET	d1bkay65ooam95.cloudfront.net_help_hub_12.f82baeb2833629d5b516.chunk.min.js
platform	Help-Support-Center	sellercentral.amazon.in	/gp/help/help-folder.html	?	READ		path	0	page route — server-rendered GET	d1bkay65ooam95.cloudfront.net_help_hub_12.f82baeb2833629d5b516.chunk.min.js
platform	Help-Support-Center	sellercentral.amazon.in	/gp/help/help-home.html	?	READ		path	0	page route — server-rendered GET	d1bkay65ooam95.cloudfront.net_help_hub_12.f82baeb2833629d5b516.chunk.min.js
platform	Help-Support-Center	sellercentral.amazon.in	/gp/help/help-page.html	?	READ		path	0	page route — server-rendered GET	d1bkay65ooam95.cloudfront.net_help_hub_12.f82baeb2833629d5b516.chunk.min.js
platform	Help-Support-Center	sellercentral.amazon.in	/gp/help/help-popup.html	?	READ		path	0	page route — server-rendered GET	d1bkay65ooam95.cloudfront.net_help_hub_12.f82baeb2833629d5b516.chunk.min.js
platform	Help-Support-Center	sellercentral.amazon.in	/gp/help/help.html	?	READ		path	0	page route — server-rendered GET	d1bkay65ooam95.cloudfront.net_help_hub_12.f82baeb2833629d5b516.chunk.min.js
platform	Help-Support-Center	sellercentral.amazon.in	/gp/help/home	?	READ		path	0	page route — server-rendered GET	d1bkay65ooam95.cloudfront.net_help_hub_12.f82baeb2833629d5b516.chunk.min.js
platform	Help-Support-Center	sellercentral.amazon.in	/gp/help/home.html	?	READ		path	0	page route — server-rendered GET	d1bkay65ooam95.cloudfront.net_help_hub_12.f82baeb2833629d5b516.chunk.min.js
platform	Help-Support-Center	sellercentral.amazon.in	/gp/help/login-help.html	?	READ		path	0	page route — server-rendered GET	d1bkay65ooam95.cloudfront.net_help_hub_12.f82baeb2833629d5b516.chunk.min.js
platform	Help-Support-Center	sellercentral.amazon.in	/gp/help/{guid}/	?	READ		path	0	page route — server-rendered GET	d1bkay65ooam95.cloudfront.net_help_hub_12.f82baeb2833629d5b516.chunk.min.js
platform	Help-Support-Center	sellercentral.amazon.in	/gp/help/{helpGuid}	?	READ		THIRD_PARTY	0	page route — server-rendered GET	d3ou658vn5djeq.cloudfront.net_abis_main.fd4e88f5.js
platform	Help-Support-Center	sellercentral.amazon.in	/help/center/inline/workflow	?	READ		source	0	page route — server-rendered GET	d1bkay65ooam95.cloudfront.net_help_hub_amznvendor.f13c0a826c39124a21fa.chunk.min.js
platform	Help-Support-Center	sellercentral.amazon.in	/help/da/{directAnswer}	?	READ		path	0	page route — server-rendered GET	d1bkay65ooam95.cloudfront.net_help_hub_main.952fe11d767a76f7ba6b.chunk.min.js
platform	Help-Support-Center	sellercentral.amazon.in	/help/getting-started-guide	?	READ		path	0	page route — server-rendered GET	d1bkay65ooam95.cloudfront.net_help_hub_main.952fe11d767a76f7ba6b.chunk.min.js
platform	Help-Support-Center	sellercentral.amazon.in	/help/getting-started-selling-faq	?	READ		path	0	page route — server-rendered GET	d1bkay65ooam95.cloudfront.net_help_hub_main.952fe11d767a76f7ba6b.chunk.min.js
platform	Help-Support-Center	sellercentral.amazon.in	/help/home	?	READ		path	0	page route — server-rendered GET	d1bkay65ooam95.cloudfront.net_help_hub_12.f82baeb2833629d5b516.chunk.min.js
platform	Help-Support-Center	sellercentral.amazon.in	/help/hub	DELETE	WRITE		url	0	observed ['DELETE']	d1bkay65ooam95.cloudfront.net_help_hub_12.f82baeb2833629d5b516.chunk.min.js
platform	Help-Support-Center	sellercentral.amazon.in	/help/hub/	GET	READ			0	GET (documented from bundle)	d1bkay65ooam95.cloudfront.net_help_hub_main~preload.2e2ae902aa4dcc50778f.chunk.min.js
platform	Help-Support-Center	sellercentral.amazon.in	/help/hub/debug	?	READ		href	0	page route — server-rendered GET	d1bkay65ooam95.cloudfront.net_help_hub_18.e79342ef3a6638393434.chunk.min.js
platform	Help-Support-Center	sellercentral.amazon.in	/help/hub/i18n/HelpHubKatalWebsite/en-IN.{hash}.i18next.json	GET	READ_FILE	PROVEN		0	static i18n/translation asset (localisation strings)	live-walk
platform	Help-Support-Center	sellercentral.amazon.in	/help/hub/i18n/HelpHubKatalWebsite/en-US.{hash}.i18next.json	GET	READ_FILE	PROVEN		0	static i18n/translation asset (localisation strings)	live-walk
platform	Help-Support-Center	sellercentral.amazon.in	/help/hub/inline	?	READ			0	page route — server-rendered GET	d1bkay65ooam95.cloudfront.net_help_hub_11.1d1195a11dff62882ebe.chunk.min.js
platform	Help-Support-Center	sellercentral.amazon.in	/help/hub/mons-api/	?	UNKNOWN			0	read-shaped path but verb NOT proven in the minified source (G1: denied)	d1bkay65ooam95.cloudfront.net_help_hub_main.952fe11d767a76f7ba6b.chunk.min.js
platform	Help-Support-Center	sellercentral.amazon.in	/help/hub/mons-api/GetBootstrapData	GET	READ	PROVEN		25	PROVEN live GET 200 (200)	d1bkay65ooam95.cloudfront.net_help_hub_preload.01922f1888afc4f57ae2.chunk.min.js
platform	Help-Support-Center	sellercentral.amazon.in	/help/hub/mons-api/GetFeatureStatus	GET	READ	PROVEN		5	PROVEN live GET 200 (200)	d1bkay65ooam95.cloudfront.net_help_hub_preload.01922f1888afc4f57ae2.chunk.min.js
platform	Help-Support-Center	sellercentral.amazon.in	/help/hub/mons-api/GetMeldEligibility	GET	READ	PROVEN		1	PROVEN live GET 200 (200)	d1bkay65ooam95.cloudfront.net_help_hub_main~preload.2e2ae902aa4dcc50778f.chunk.min.js
platform	Help-Support-Center	sellercentral.amazon.in	/help/hub/reference/	GET	READ			0	GET (documented from bundle)	d1bkay65ooam95.cloudfront.net_help_hub_main~preload.2e2ae902aa4dcc50778f.chunk.min.js
platform	Help-Support-Center	sellercentral.amazon.in	/help/hub/reference/external/	GET	READ			0	GET (documented from bundle)	d1bkay65ooam95.cloudfront.net_help_hub_main~preload.2e2ae902aa4dcc50778f.chunk.min.js
platform	Help-Support-Center	sellercentral.amazon.in	/help/hub/reference/external/login-help	?	READ			0	page route — server-rendered GET	d1bkay65ooam95.cloudfront.net_help_hub_12.f82baeb2833629d5b516.chunk.min.js
platform	Help-Support-Center	sellercentral.amazon.in	/help/hub/reference/external/{helpGuid}	?	READ		href	0	page route — server-rendered GET	dxrdcmlwuslnc.cloudfront.net_coupons_main.27eeec68fe6cd9b1c6b2.min.js
platform	Help-Support-Center	sellercentral.amazon.in	/help/hub/reference/{helpGuid}	?	READ			0	page route — server-rendered GET	d3ou658vn5djeq.cloudfront.net_abis_main.fd4e88f5.js
platform	Help-Support-Center	sellercentral.amazon.in	/help/hub/support	GET	READ			0	GET (documented from bundle)	d1bkay65ooam95.cloudfront.net_help_hub_main~preload.2e2ae902aa4dcc50778f.chunk.min.js
platform	Help-Support-Center	sellercentral.amazon.in	/help/inline/athena-get-direct-answer/embed	?	READ		source	0	page route — server-rendered GET	d1bkay65ooam95.cloudfront.net_help_hub_amznvendor.f13c0a826c39124a21fa.chunk.min.js
platform	Help-Support-Center	sellercentral.amazon.in	/help/manage-inventory-tool	?	READ		path	0	page route — server-rendered GET	d1bkay65ooam95.cloudfront.net_help_hub_main.952fe11d767a76f7ba6b.chunk.min.js
platform	Help-Support-Center	sellercentral.amazon.in	/help/manage-orders	?	READ		path	0	page route — server-rendered GET	d1bkay65ooam95.cloudfront.net_help_hub_main.952fe11d767a76f7ba6b.chunk.min.js
platform	Help-Support-Center	sellercentral.amazon.in	/help/merchant_documents/text/sign-in.html	?	READ		path	0	page route — server-rendered GET	d1bkay65ooam95.cloudfront.net_help_hub_12.f82baeb2833629d5b516.chunk.min.js
platform	Help-Support-Center	sellercentral.amazon.in	/help/modify-or-delete-a-product-listing	?	WRITE		path	0	write-verb constant/path token (G1: deny)	d1bkay65ooam95.cloudfront.net_help_hub_main.952fe11d767a76f7ba6b.chunk.min.js
platform	Help-Support-Center	sellercentral.amazon.in	/help/workflow/bulk/embed	?	READ		source	0	page route — server-rendered GET	d1bkay65ooam95.cloudfront.net_help_hub_amznvendor.f13c0a826c39124a21fa.chunk.min.js
platform	Help-Support-Center	sellercentral.amazon.in	/help/workflow/embed	?	READ		source	0	page route — server-rendered GET	d1bkay65ooam95.cloudfront.net_help_hub_amznvendor.f13c0a826c39124a21fa.chunk.min.js
platform	Help-Support-Center	sellercentral.amazon.in	/help/workflow/spl-setup	?	READ		providerArgumentSource	0	page route — server-rendered GET	d1bkay65ooam95.cloudfront.net_help_hub_amznvendor.f13c0a826c39124a21fa.chunk.min.js
platform	Help-Support-Center	sellercentral.amazon.in	/hill/hillservice/mons-api/GetBootstrapConfig	GET	READ	PROVEN		19	PROVEN live GET 200 (200)	live-walk
platform	Help-Support-Center	sellercentral.amazon.in	/hill/hillservice/mons-api/GetSpecialistSupportIngressEligibility	GET	READ	PROVEN		3	PROVEN live GET 200 (200)	live-walk
platform	Help-Support-Center	sellercentral.amazon.in	/hill/website/i18n/HillWebsite/en-IN.{hash}.i18next.json	GET	READ_FILE	PROVEN		0	static i18n/translation asset (localisation strings)	live-walk
platform	Help-Support-Center	sellercentral.amazon.in	/hill/website/i18n/HillWebsite/en-US.{hash}.i18next.json	GET	READ_FILE	PROVEN		0	static i18n/translation asset (localisation strings)	live-walk
platform	Help-Support-Center	sellercentral.amazon.in	/hill/website/i18n/HillWebsiteCaseLobby/en-IN.{hash}.i18next.json	GET	READ_FILE	PROVEN		0	static i18n/translation asset (localisation strings)	live-walk
platform	Help-Support-Center	sellercentral.amazon.in	/hill/website/i18n/HillWebsiteCaseLobby/en-US.{hash}.i18next.json	GET	READ_FILE	PROVEN		0	static i18n/translation asset (localisation strings)	live-walk
platform	Help-Support-Center	sellercentral.amazon.in	/hz/m/help	?	UNKNOWN		path	0	verb and posture not proven (G1: denied)	d1bkay65ooam95.cloudfront.net_help_hub_12.f82baeb2833629d5b516.chunk.min.js
platform	Help-Support-Center	sellercentral.amazon.in	/hz/m/helpcontent	?	READ_FILE		path	0	static i18n/translation asset (localisation strings)	d1bkay65ooam95.cloudfront.net_help_hub_12.f82baeb2833629d5b516.chunk.min.js
platform	Help-Support-Center	sellercentral.amazon.in	/inline/sidebar	?	UNKNOWN			0	verb and posture not proven (G1: denied)	d1bkay65ooam95.cloudfront.net_help_hub_main~preload.2e2ae902aa4dcc50778f.chunk.min.js
platform	Help-Support-Center	sellercentral.amazon.in	/inline/sidebar/search	?	UNKNOWN		path	0	verb and posture not proven (G1: denied)	d1bkay65ooam95.cloudfront.net_help_hub_11.1d1195a11dff62882ebe.chunk.min.js
platform	Help-Support-Center	sellercentral.amazon.in	/inline/sidebar/solution	?	UNKNOWN		path	0	verb and posture not proven (G1: denied)	d1bkay65ooam95.cloudfront.net_help_hub_11.1d1195a11dff62882ebe.chunk.min.js
platform	Help-Support-Center	sellercentral.amazon.in	/inline/sidebar/support/describe	?	UNKNOWN			0	verb and posture not proven (G1: denied)	d1bkay65ooam95.cloudfront.net_help_hub_11.1d1195a11dff62882ebe.chunk.min.js
platform	Help-Support-Center	sellercentral.amazon.in	/irc/widget	?	UNKNOWN		source	0	verb and posture not proven (G1: denied)	d1bkay65ooam95.cloudfront.net_help_hub_amznvendor.f13c0a826c39124a21fa.chunk.min.js
platform	Help-Support-Center	sellercentral.amazon.in	/learn/widget-spl	?	UNKNOWN		source	0	verb and posture not proven (G1: denied)	d1bkay65ooam95.cloudfront.net_help_hub_amznvendor.f13c0a826c39124a21fa.chunk.min.js
platform	Help-Support-Center	sellercentral.amazon.in	/mons/weblabs	GET	NOISE	PROVEN	weblabPath	31	telemetry/instrumentation/weblab — not a business data endpoint	d3ou658vn5djeq.cloudfront.net_abis_katal.e66d4bdf.js
platform	Help-Support-Center	sellercentral.amazon.in	/mons/weblabs/	?	NOISE		url	0	telemetry/instrumentation/weblab — not a business data endpoint	d3ou658vn5djeq.cloudfront.net_abis_katal.e66d4bdf.js
platform	Help-Support-Center	sellercentral.amazon.in	/mons/weblabs/merchant/treatment	GET	NOISE	PROVEN		219	telemetry/instrumentation/weblab — not a business data endpoint	live-walk
platform	Help-Support-Center	sellercentral.amazon.in	/mons/weblabs/merchant/trigger	POST	NOISE			0	telemetry/instrumentation/weblab — not a business data endpoint	live-walk-blocked
platform	Help-Support-Center	sellercentral.amazon.in	/mons/weblabs/vendor/treatment	GET	NOISE			4	telemetry/instrumentation/weblab — not a business data endpoint	live-walk
platform	Help-Support-Center	sellercentral.amazon.in	/reference/embed/{guid}	?	READ		path	0	page route — server-rendered GET	d1bkay65ooam95.cloudfront.net_help_hub_12.f82baeb2833629d5b516.chunk.min.js
platform	Help-Support-Center	sellercentral.amazon.in	/reference/external	?	READ		path	0	page route — server-rendered GET	d1bkay65ooam95.cloudfront.net_help_hub_12.f82baeb2833629d5b516.chunk.min.js
platform	Help-Support-Center	sellercentral.amazon.in	/reference/external/login-help	?	READ		path	0	page route — server-rendered GET	d1bkay65ooam95.cloudfront.net_help_hub_12.f82baeb2833629d5b516.chunk.min.js
platform	Help-Support-Center	sellercentral.amazon.in	/reference/external/popup/{guid}	?	READ		path	0	page route — server-rendered GET	d1bkay65ooam95.cloudfront.net_help_hub_12.f82baeb2833629d5b516.chunk.min.js
platform	Help-Support-Center	sellercentral.amazon.in	/reference/external/{guid}	?	READ		path	0	page route — server-rendered GET	d1bkay65ooam95.cloudfront.net_help_hub_12.f82baeb2833629d5b516.chunk.min.js
platform	Help-Support-Center	sellercentral.amazon.in	/reference/login-help/	?	READ		path	0	page route — server-rendered GET	d1bkay65ooam95.cloudfront.net_help_hub_12.f82baeb2833629d5b516.chunk.min.js
platform	Help-Support-Center	sellercentral.amazon.in	/reference/popup/{guid}	?	READ		path	0	page route — server-rendered GET	d1bkay65ooam95.cloudfront.net_help_hub_12.f82baeb2833629d5b516.chunk.min.js
platform	Help-Support-Center	sellercentral.amazon.in	/reference/search	?	READ		isSearchView	0	page route — server-rendered GET	d1bkay65ooam95.cloudfront.net_help_hub_12.f82baeb2833629d5b516.chunk.min.js
platform	Help-Support-Center	sellercentral.amazon.in	/reference/{guid}	?	READ		path	0	page route — server-rendered GET	d1bkay65ooam95.cloudfront.net_help_hub_12.f82baeb2833629d5b516.chunk.min.js
platform	Help-Support-Center	sellercentral.amazon.in	/roboapi/v1/sc/announcements	GET	READ	PROVEN		1	PROVEN live GET 200 (200)	live-walk
platform	Help-Support-Center	sellercentral.amazon.in	/solution/bulk-workflow	GET	READ		path	0	GET (documented from bundle)	d1bkay65ooam95.cloudfront.net_help_hub_main.952fe11d767a76f7ba6b.chunk.min.js
platform	Help-Support-Center	sellercentral.amazon.in	/solution/{id}	?	UNKNOWN		path	0	verb and posture not proven (G1: denied)	d1bkay65ooam95.cloudfront.net_help_hub_main.952fe11d767a76f7ba6b.chunk.min.js
platform	Help-Support-Center	sellercentral.amazon.in	/support/SOA	?	READ			0	page route — server-rendered GET	d1bkay65ooam95.cloudfront.net_help_hub_10.bd21120d8044dedd1f32.chunk.min.js
platform	Help-Support-Center	sellercentral.amazon.in	/support/describe	?	READ		path	0	page route — server-rendered GET	d1bkay65ooam95.cloudfront.net_help_hub_21.f3b3512baa360b24ae5a.chunk.min.js
platform	Help-Support-Center	sellercentral.amazon.in	/support/form/hub	?	READ			0	page route — server-rendered GET	d1bkay65ooam95.cloudfront.net_help_hub_10.bd21120d8044dedd1f32.chunk.min.js
platform	Help-Support-Center	sellercentral.amazon.in	/support/help/hub	?	READ			0	page route — server-rendered GET	d1bkay65ooam95.cloudfront.net_help_hub_10.bd21120d8044dedd1f32.chunk.min.js
platform	Help-Support-Center	sellercentral.amazon.in	/support/help/node/	?	READ			0	page route — server-rendered GET	d1bkay65ooam95.cloudfront.net_help_hub_main.952fe11d767a76f7ba6b.chunk.min.js
platform	Help-Support-Center	sellercentral.amazon.in	/support/search/	?	READ			0	page route — server-rendered GET	d1bkay65ooam95.cloudfront.net_help_hub_10.bd21120d8044dedd1f32.chunk.min.js
platform	Help-Support-Center	sellercentral.amazon.in	/support/training/hub	?	READ			0	page route — server-rendered GET	d1bkay65ooam95.cloudfront.net_help_hub_10.bd21120d8044dedd1f32.chunk.min.js
platform	Help-Support-Center	sellercentral.amazon.in	/support/{nodeId}	?	READ		path	0	page route — server-rendered GET	d1bkay65ooam95.cloudfront.net_help_hub_21.f3b3512baa360b24ae5a.chunk.min.js
platform	Help-Support-Center	sellercentral.amazon.in	/trim/json/favorites/sellerCentral	GET	READ	PROVEN		12	PROVEN live GET 200 (200)	live-walk
platform	Homepage-Casino-Widgets	sellercentral.amazon.in	/homepage/knowhere/events/record	?	NOISE			0	telemetry/instrumentation/weblab — not a business data endpoint	sc-home.html
platform	Homepage-Widgets	sellercentral.amazon.in	/homepage/casino/cards/content/async-card/	GET	READ	PROVEN		0	PROVEN live GET 200 (200)	live-walk
platform	Platform-Common	sellercentral.amazon.in	/1/batch/1/OE/	?	NOISE			0	telemetry/instrumentation/weblab — not a business data endpoint	images-eu.ssl-images-amazon.com_images_I_215h87l68bL.js
platform	Platform-Common	sellercentral.amazon.in	/1/remote-weblab-triggers/1/OE/	?	NOISE			0	telemetry/instrumentation/weblab — not a business data endpoint	abis_index.html
platform	Platform-Common	sellercentral.amazon.in	/account-switcher/dropdown-assets-loader.js	?	READ_FILE		src	0	static JS/CSS asset	abis_index.html
platform	Platform-Common	sellercentral.amazon.in	/ah/eligibility	?	UNKNOWN		href	0	verb and posture not proven (G1: denied)	performance_dashboard.html
platform	Platform-Common	sellercentral.amazon.in	/coupon-details-page	?	UNKNOWN			0	verb and posture not proven (G1: denied)	dxrdcmlwuslnc.cloudfront.net_coupons_main.27eeec68fe6cd9b1c6b2.min.js
platform	Platform-Common	sellercentral.amazon.in	/draft/dashboard	?	READ			0	page route — server-rendered GET	d3ou658vn5djeq.cloudfront.net_abis_main.fd4e88f5.js
platform	Platform-Common	sellercentral.amazon.in	/draft/dashboard/savedbyyou	?	WRITE			0	write-verb constant/path token (G1: deny)	d3ou658vn5djeq.cloudfront.net_abis_main.fd4e88f5.js
platform	Platform-Common	sellercentral.amazon.in	/draft/registration/dashboard	?	READ			0	page route — server-rendered GET	d3ou658vn5djeq.cloudfront.net_abis_main.fd4e88f5.js
platform	Platform-Common	sellercentral.amazon.in	/edit/bulk	?	WRITE		editBulk	0	write-verb constant/path token (G1: deny)	dd5vo8kgyegf4.cloudfront.net_productclassify_app.41472558f388593627ab.min.js
platform	Platform-Common	sellercentral.amazon.in	/edit/bulk/sph	?	WRITE		editBulkSph	0	write-verb constant/path token (G1: deny)	dd5vo8kgyegf4.cloudfront.net_productclassify_app.41472558f388593627ab.min.js
platform	Platform-Common	sellercentral.amazon.in	/edit/handmade	?	WRITE		editHandmade	0	write-verb constant/path token (G1: deny)	dd5vo8kgyegf4.cloudfront.net_productclassify_app.41472558f388593627ab.min.js
platform	Platform-Common	sellercentral.amazon.in	/featureOverride	?	WRITE			0	write-verb constant/path token (G1: deny)	d1bkay65ooam95.cloudfront.net_help_hub_19.21191a43792bc8795b44.chunk.min.js
platform	Platform-Common	sellercentral.amazon.in	/globalsearch/v1/search	?	UNKNOWN			0	verb and posture not proven (G1: denied)	d3ou658vn5djeq.cloudfront.net_abis_main.fd4e88f5.js
platform	Platform-Common	sellercentral.amazon.in	/goblin/read	?	UNKNOWN			0	verb and posture not proven (G1: denied)	d3ou658vn5djeq.cloudfront.net_abis_main.fd4e88f5.js
platform	Platform-Common	sellercentral.amazon.in	/goblin/write	?	WRITE			0	write-verb constant/path token (G1: deny)	d3ou658vn5djeq.cloudfront.net_abis_main.fd4e88f5.js
platform	Platform-Common	sellercentral.amazon.in	/gp/orders-v2/search	?	UNKNOWN		url	0	verb and posture not proven (G1: denied)	d1bkay65ooam95.cloudfront.net_help_hub_11.1d1195a11dff62882ebe.chunk.min.js
platform	Platform-Common	sellercentral.amazon.in	/gp/satisfaction/survey-form-frame.html	?	READ		url	0	page route — server-rendered GET	abis_index.html
platform	Platform-Common	sellercentral.amazon.in	/gp/satisfaction/survey-submit.html	GET	READ		RAINFOREST_HMD_ENDPOINT	0	GET (documented from bundle)	d7xm6m3peqvfj.cloudfront.net_main.adacd1a1.js
platform	Platform-Common	sellercentral.amazon.in	/gp/search	?	UNKNOWN		path	0	verb and posture not proven (G1: denied)	d1bkay65ooam95.cloudfront.net_help_hub_17.40509cd149a934636e01.chunk.min.js
platform	Platform-Common	sellercentral.amazon.in	/home	?	READ		href	0	page route — server-rendered GET	abis_index.html
platform	Platform-Common	sellercentral.amazon.in	/ping	?	NOISE			0	telemetry/instrumentation/weblab — not a business data endpoint	abis_index.html
platform	Platform-Common	sellercentral.amazon.in	/pix-gateway	?	UNKNOWN		uri	0	verb and posture not proven (G1: denied)	d3ou658vn5djeq.cloudfront.net_abis_main.fd4e88f5.js
platform	Platform-Common	sellercentral.amazon.in	/product-search	?	UNKNOWN		productSearch	0	verb and posture not proven (G1: denied)	dd5vo8kgyegf4.cloudfront.net_productclassify_app.41472558f388593627ab.min.js
platform	Platform-Common	sellercentral.amazon.in	/pulse/v1/question	POST	READ_POST			0	app-issued POST read (GraphQL/RPC) — G0 forbids POST, gate kept closed	live-walk-blocked
platform	Platform-Common	sellercentral.amazon.in	/reorder-coupons-dashboard-page	?	UNKNOWN			0	verb and posture not proven (G1: denied)	dxrdcmlwuslnc.cloudfront.net_coupons_main.27eeec68fe6cd9b1c6b2.min.js
platform	Platform-Common	sellercentral.amazon.in	/spl/logger	?	NOISE		url	0	telemetry/instrumentation/weblab — not a business data endpoint	d1bkay65ooam95.cloudfront.net_help_hub_amznvendor.f13c0a826c39124a21fa.chunk.min.js
platform	Platform-Common	sellercentral.amazon.in	/tricorder/decide/	POST	NOISE			0	telemetry/instrumentation/weblab — not a business data endpoint	live-walk-blocked
platform	Platform-Common	sellercentral.amazon.in	/tricorder/e/	POST	NOISE			0	telemetry/instrumentation/weblab — not a business data endpoint	live-walk-blocked
platform	Platform-Common	sellercentral.amazon.in	/tricorder/logger	?	NOISE		url	0	telemetry/instrumentation/weblab — not a business data endpoint	d1a8zcxmm3zflg.cloudfront.net_tricorder.js
platform	Platform-Common	unagi.amazon.in	/1/events/com.amazon.csm.csa.prod	POST	NOISE			0	telemetry/instrumentation/weblab — not a business data endpoint	live-walk-blocked
platform	Platform-Common	unagi.amazon.in	/1/events/com.amazon.csm.customsg.prod	POST	NOISE			0	telemetry/instrumentation/weblab — not a business data endpoint	live-walk-blocked
platform	Platform-Common	unagi.amazon.in	/1/events/com.amazon.csm.nexusclient.prod	POST	NOISE			0	telemetry/instrumentation/weblab — not a business data endpoint	live-walk-blocked
platform	Static-Assets-i18n	d1hw4uzgiurk5n.cloudfront.net	/	GET	READ	PROVEN		0	PROVEN live GET 200 (200)	live-walk
platform	Static-Assets-i18n	d1pp2iw517bkb8.cloudfront.net	/i18n/translation-en.json	GET	READ_FILE	PROVEN		0	static i18n/translation asset (localisation strings)	live-walk
platform	Static-Assets-i18n	d1pp2iw517bkb8.cloudfront.net	/i18n/translation.json	GET	READ_FILE	PROVEN		0	static i18n/translation asset (localisation strings)	live-walk
platform	Static-Assets-i18n	d1uznvntk80v7s.cloudfront.net	/metrics.{hash}.js	GET	READ_FILE	PROVEN		0	static JS/CSS asset	live-walk
platform	Static-Assets-i18n	d1uznvntk80v7s.cloudfront.net	/metrics.{hash}.js.map	GET	READ_FILE	PROVEN		0	static JS/CSS asset	live-walk
platform	Static-Assets-i18n	d2pihuraj6wacp.cloudfront.net	/i18n/en-IN.{hash}.i18next.json	GET	READ_FILE	PROVEN		0	static i18n/translation asset (localisation strings)	live-walk
platform	Static-Assets-i18n	d2pihuraj6wacp.cloudfront.net	/i18n/en-US.{hash}.i18next.json	GET	READ_FILE	PROVEN		0	static i18n/translation asset (localisation strings)	live-walk
platform	Static-Assets-i18n	d3c9w1p5457qe7.cloudfront.net	/i18n/en-IN.{hash}.i18next.json	GET	READ_FILE	PROVEN		1	static i18n/translation asset (localisation strings)	live-walk
platform	Static-Assets-i18n	d3c9w1p5457qe7.cloudfront.net	/i18n/en-US.{hash}.i18next.json	GET	READ_FILE	PROVEN		23	static i18n/translation asset (localisation strings)	live-walk
platform	Static-Assets-i18n	d3c9w1p5457qe7.cloudfront.net	/i18n/translation-en.{hash}.json	GET	READ_FILE	PROVEN		0	static i18n/translation asset (localisation strings)	live-walk
platform	Static-Assets-i18n	d3c9w1p5457qe7.cloudfront.net	/i18n/translation.{hash}.json	GET	READ_FILE	PROVEN		0	static i18n/translation asset (localisation strings)	live-walk
platform	Static-Assets-i18n	d3h0qy3grrnlx3.cloudfront.net	/	GET	READ	PROVEN		0	PROVEN live GET 200 (200)	live-walk
platform	Static-Assets-i18n	d3ksbe4ctckde3.cloudfront.net	/en-IN.{hash}.i18next.json	GET	READ_FILE	PROVEN		0	static i18n/translation asset (localisation strings)	live-walk
platform	Static-Assets-i18n	d3ksbe4ctckde3.cloudfront.net	/en-US.{hash}.i18next.json	GET	READ_FILE	PROVEN		0	static i18n/translation asset (localisation strings)	live-walk
platform	Static-Assets-i18n	d3rhl38hdptmva.cloudfront.net	/i18n/translations/translation-en.{hash}.json	GET	READ_FILE	PROVEN		0	static i18n/translation asset (localisation strings)	live-walk
platform	Static-Assets-i18n	d3rhl38hdptmva.cloudfront.net	/i18n/translations/translation.{hash}.json	GET	READ_FILE	PROVEN		0	static i18n/translation asset (localisation strings)	live-walk
platform	Static-Assets-i18n	d3ttb92cjixe5s.cloudfront.net	/en-IN.{hash}.i18next.json	GET	READ_FILE	PROVEN		0	static i18n/translation asset (localisation strings)	live-walk
platform	Static-Assets-i18n	d3ttb92cjixe5s.cloudfront.net	/en-US.{hash}.i18next.json	GET	READ_FILE	PROVEN		0	static i18n/translation asset (localisation strings)	live-walk
platform	Static-Assets-i18n	d3ttb92cjixe5s.cloudfront.net	/i18n/en-IN.json	GET	READ_FILE	PROVEN		0	static i18n/translation asset (localisation strings)	live-walk
platform	Static-Assets-i18n	d3ttb92cjixe5s.cloudfront.net	/i18n/en-US.json	GET	READ_FILE	PROVEN		0	static i18n/translation asset (localisation strings)	live-walk
platform	Static-Assets-i18n	d7xm6m3peqvfj.cloudfront.net	/static/en-IN.{hash}.i18next.json	GET	READ_FILE	PROVEN		0	static i18n/translation asset (localisation strings)	live-walk
platform	Static-Assets-i18n	d7xm6m3peqvfj.cloudfront.net	/static/en-US.{hash}.i18next.json	GET	READ_FILE	PROVEN		0	static i18n/translation asset (localisation strings)	live-walk
platform	Static-Assets-i18n	dmsjnm3xe0ebz.cloudfront.net	/i18n/ImageCompliance/en-IN.{hash}.i18next.json	GET	READ_FILE	PROVEN		60	static i18n/translation asset (localisation strings)	live-walk
platform	Static-Assets-i18n	dmsjnm3xe0ebz.cloudfront.net	/i18n/ImageCompliance/en-US.{hash}.i18next.json	GET	READ_FILE	PROVEN		60	static i18n/translation asset (localisation strings)	live-walk
platform	Static-Assets-i18n	dmsjnm3xe0ebz.cloudfront.net	/i18n/QuickListContent/en-IN.{hash}.i18next.json	GET	READ_FILE	PROVEN		0	static i18n/translation asset (localisation strings)	live-walk
platform	Static-Assets-i18n	dmsjnm3xe0ebz.cloudfront.net	/i18n/QuickListContent/en-US.{hash}.i18next.json	GET	READ_FILE	PROVEN		0	static i18n/translation asset (localisation strings)	live-walk
platform	Static-Assets-i18n	dp0zvwwqb1q92.cloudfront.net	/AnyUICore/sdk.js	GET	READ_FILE	PROVEN		0	static JS/CSS asset	live-walk
platform	Static-Assets-i18n	dp0zvwwqb1q92.cloudfront.net	/Manifest/components.json	GET	READ	PROVEN		0	PROVEN live GET 200 (200)	live-walk
platform	Static-Assets-i18n	dy8z3jvmvymcp.cloudfront.net	/i18n/translation-en.json	GET	READ_FILE	PROVEN		0	static i18n/translation asset (localisation strings)	live-walk
platform	Static-Assets-i18n	dy8z3jvmvymcp.cloudfront.net	/i18n/translation.json	GET	READ_FILE	PROVEN		0	static i18n/translation asset (localisation strings)	live-walk
platform	Static-Assets-i18n	m.media-amazon.com	/images/G/01/csm/showads.v2.js	GET	NOISE	PROVEN		0	telemetry/instrumentation/weblab — not a business data endpoint	live-walk
platform	Static-Assets-i18n	static-assets.prod-dub.sellingpartnerho.homepages.selling-partners.amazon.dev	/homepage/assets/translations/translation-en.{hash}.json	GET	READ_FILE	PROVEN		0	static i18n/translation asset (localisation strings)	live-walk
platform	Static-Assets-i18n	static-assets.prod-dub.sellingpartnerho.homepages.selling-partners.amazon.dev	/homepage/assets/translations/translation.{hash}.json	GET	READ_FILE	PROVEN		0	static i18n/translation asset (localisation strings)	live-walk
seller	Account-Health-Performance	d3re0qkvcj2drt.cloudfront.net	/performance/account/health/i18n/account-health/en-IN.json	GET	READ_FILE	PROVEN		59	static i18n/translation asset (localisation strings)	live-walk
seller	Account-Health-Performance	d3re0qkvcj2drt.cloudfront.net	/performance/account/health/i18n/account-health/en-US.json	GET	READ_FILE	PROVEN		0	static i18n/translation asset (localisation strings)	live-walk
seller	Account-Health-Performance	d3re0qkvcj2drt.cloudfront.net	/performance/account/health/i18n/compliance-request/en-IN.json	GET	READ_FILE	PROVEN		14	static i18n/translation asset (localisation strings)	live-walk
seller	Account-Health-Performance	d3re0qkvcj2drt.cloudfront.net	/performance/account/health/i18n/compliance-request/en-US.json	GET	READ_FILE	PROVEN		18	static i18n/translation asset (localisation strings)	live-walk
seller	Account-Health-Performance	d3re0qkvcj2drt.cloudfront.net	/performance/account/health/i18n/contact-us/en-IN.json	GET	READ_FILE	PROVEN		5	static i18n/translation asset (localisation strings)	live-walk
seller	Account-Health-Performance	d3re0qkvcj2drt.cloudfront.net	/performance/account/health/i18n/contact-us/en-US.json	GET	READ_FILE	PROVEN		43	static i18n/translation asset (localisation strings)	live-walk
seller	Account-Health-Performance	d3re0qkvcj2drt.cloudfront.net	/performance/account/health/i18n/dominion-dashboard/en-IN.json	GET	READ_FILE	PROVEN		0	static i18n/translation asset (localisation strings)	live-walk
seller	Account-Health-Performance	d3re0qkvcj2drt.cloudfront.net	/performance/account/health/i18n/dominion-dashboard/en-US.json	GET	READ_FILE	PROVEN		0	static i18n/translation asset (localisation strings)	live-walk
seller	Account-Health-Performance	d3re0qkvcj2drt.cloudfront.net	/performance/account/health/i18n/policy-warning/en-IN.json	GET	READ_FILE	PROVEN		0	static i18n/translation asset (localisation strings)	live-walk
seller	Account-Health-Performance	d3re0qkvcj2drt.cloudfront.net	/performance/account/health/i18n/policy-warning/en-US.json	GET	READ_FILE	PROVEN		0	static i18n/translation asset (localisation strings)	live-walk
seller	Account-Health-Performance	d3re0qkvcj2drt.cloudfront.net	/performance/account/health/i18n/product-policies/en-IN.json	GET	READ_FILE	PROVEN		0	static i18n/translation asset (localisation strings)	live-walk
seller	Account-Health-Performance	d3re0qkvcj2drt.cloudfront.net	/performance/account/health/i18n/product-policies/en-US.json	GET	READ_FILE	PROVEN		0	static i18n/translation asset (localisation strings)	live-walk
seller	Account-Health-Performance	d3re0qkvcj2drt.cloudfront.net	/performance/account/health/i18n/reactivate-account/en-IN.json	GET	READ_FILE	PROVEN		33	static i18n/translation asset (localisation strings)	live-walk
seller	Account-Health-Performance	d3re0qkvcj2drt.cloudfront.net	/performance/account/health/i18n/reactivate-account/en-US.json	GET	READ_FILE	PROVEN		0	static i18n/translation asset (localisation strings)	live-walk
seller	Account-Health-Performance	d3re0qkvcj2drt.cloudfront.net	/performance/account/health/i18n/shared-strings/en-IN.json	GET	READ_FILE	PROVEN		0	static i18n/translation asset (localisation strings)	live-walk
seller	Account-Health-Performance	d3re0qkvcj2drt.cloudfront.net	/performance/account/health/i18n/shared-strings/en-US.json	GET	READ_FILE	PROVEN		0	static i18n/translation asset (localisation strings)	live-walk
seller	Account-Health-Performance	d84t02egg0ytc.cloudfront.net	/voc-katal/i18n/translation-en.{hash}.json	GET	READ_FILE	PROVEN		0	static i18n/translation asset (localisation strings)	live-walk
seller	Account-Health-Performance	d84t02egg0ytc.cloudfront.net	/voc-katal/i18n/translation.{hash}.json	GET	READ_FILE	PROVEN		0	static i18n/translation asset (localisation strings)	live-walk
seller	Account-Health-Performance	sellercentral.amazon.in	/ahd/floatingWidget	GET	READ	PROVEN		0	PROVEN live GET 200 (200)	live-walk
seller	Account-Health-Performance	sellercentral.amazon.in	/ahd/issueTypeTags	GET	READ	PROVEN		0	PROVEN live GET 200 (200)	live-walk
seller	Account-Health-Performance	sellercentral.amazon.in	/ahd/priorityActions	GET	READ	PROVEN		0	PROVEN live GET 200 (200)	live-walk
seller	Account-Health-Performance	sellercentral.amazon.in	/appeal/appeals/csrf	GET	READ	PROVEN		1	PROVEN live GET 200 (200)	live-walk
seller	Account-Health-Performance	sellercentral.amazon.in	/pcrHealth/download	GET	READ	PROVEN		2	PROVEN live GET 200 (200)	live-walk
seller	Account-Health-Performance	sellercentral.amazon.in	/pcrHealth/pcrKpi	GET	READ	PROVEN		5	PROVEN live GET 200 (200)	live-walk
seller	Account-Health-Performance	sellercentral.amazon.in	/pcrHealth/pcrListingSummary	GET	READ	PROVEN		0	PROVEN live GET 200 (200)	live-walk
seller	Account-Health-Performance	sellercentral.amazon.in	/performance/api/getriskbanner/	GET	READ	PROVEN		60	PROVEN live GET 200 (200)	live-walk
seller	Account-Health-Performance	sellercentral.amazon.in	/performance/api/postBizMetricsWithMap/	POST	READ_POST			0	app-issued POST read (GraphQL/RPC) — G0 forbids POST, gate kept closed	live-walk-blocked
seller	Account-Health-Performance	sellercentral.amazon.in	/performance/api/summary	GET	READ	PROVEN		0	PROVEN live GET 200 (200)	live-walk
seller	Account-Health-Performance	sellercentral.amazon.in	/performance/detail/customer-service	?	UNKNOWN			0	verb and posture not proven (G1: denied)	performance_dashboard.html
seller	Account-Health-Performance	sellercentral.amazon.in	/performance/detail/product-policies	?	UNKNOWN			0	verb and posture not proven (G1: denied)	performance_dashboard.html
seller	Account-Health-Performance	sellercentral.amazon.in	/performance/detail/shipping	?	UNKNOWN			0	verb and posture not proven (G1: denied)	performance_dashboard.html
seller	Account-Health-Performance	sellercentral.amazon.in	/performance/report/order-defects	?	UNKNOWN			0	verb and posture not proven (G1: denied)	performance_dashboard.html
seller	Account-Health-Performance	sellercentral.amazon.in	/performance/report/performance-over-time	?	UNKNOWN			0	verb and posture not proven (G1: denied)	performance_dashboard.html
seller	Account-Health-Performance	sellercentral.amazon.in	/performance/widget/translations/i18n/translation-en.json	GET	READ_FILE	PROVEN		0	static i18n/translation asset (localisation strings)	live-walk
seller	Account-Health-Performance	sellercentral.amazon.in	/performance/widget/translations/i18n/translation.json	GET	READ_FILE	PROVEN		0	static i18n/translation asset (localisation strings)	live-walk
seller	Account-Health-Performance	sellercentral.amazon.in	/sq/approvalrequest	?	WRITE			0	write-verb constant/path token (G1: deny)	d3ou658vn5djeq.cloudfront.net_abis_main.fd4e88f5.js
seller	Account-Health-Performance	sellercentral.amazon.in	/voc-katal/i18n/en-IN.{hash}.i18next.json	GET	READ_FILE	PROVEN		0	static i18n/translation asset (localisation strings)	live-walk
seller	Account-Health-Performance	sellercentral.amazon.in	/voc-katal/i18n/en-US.{hash}.i18next.json	GET	READ_FILE	PROVEN		0	static i18n/translation asset (localisation strings)	live-walk
seller	Account-Health-Performance	sellercentral.amazon.in	/voice-of-the-customer	?	UNKNOWN			0	verb and posture not proven (G1: denied)	performance_dashboard.html
seller	Business-Reports-Analytics	sellercentral.amazon.in	/br-insights-widget-logger	?	NOISE		url	0	telemetry/instrumentation/weblab — not a business data endpoint	d7xm6m3peqvfj.cloudfront.net_main.adacd1a1.js
seller	Business-Reports-Analytics	sellercentral.amazon.in	/br-insights-widget-metrics	?	UNKNOWN		url	0	verb and posture not proven (G1: denied)	d7xm6m3peqvfj.cloudfront.net_main.adacd1a1.js
seller	Business-Reports-Analytics	sellercentral.amazon.in	/br-insights-widget/{param}	GET	READ		url	0	GET (documented from bundle)	d7xm6m3peqvfj.cloudfront.net_main.adacd1a1.js
seller	Business-Reports-Analytics	sellercentral.amazon.in	/br-insightswidget-api	POST	READ_POST			0	POST-bodied endpoint, read-shaped (G0 forbids POST)	d7xm6m3peqvfj.cloudfront.net_main.adacd1a1.js
seller	Business-Reports-Analytics	sellercentral.amazon.in	/business-reports-app-logger	?	NOISE		url	0	telemetry/instrumentation/weblab — not a business data endpoint	d7xm6m3peqvfj.cloudfront.net_main.adacd1a1.js
seller	Business-Reports-Analytics	sellercentral.amazon.in	/business-reports/api	?	UNKNOWN		uri	0	read-shaped path but verb NOT proven in the minified source (G1: denied)	d7xm6m3peqvfj.cloudfront.net_main.adacd1a1.js
seller	Business-Reports-Analytics	sellercentral.amazon.in	/reportcentral/AGLGlobalStoreSales/0	?	UNKNOWN		href	0	verb and posture not proven (G1: denied)	d7xm6m3peqvfj.cloudfront.net_main.adacd1a1.js
seller	Business-Reports-Analytics	sellercentral.amazon.in	/reportcentral/api/v1/getRecentlyVisitedReports	GET	READ	PROVEN		0	PROVEN live GET 200 (200)	live-walk
seller	Business-Reports-Analytics	sellercentral.amazon.in	/reportcentral/api/v1/getReportConfigurations	GET	READ	PROVEN		0	PROVEN live GET 200 (200)	live-walk
seller	Business-Reports-Analytics	sellercentral.amazon.in	/reportcentral/api/v1/getReportPreferences	GET	READ	PROVEN		0	PROVEN live GET 200 (200)	live-walk
seller	Business-Reports-Analytics	sellercentral.amazon.in	/reportcentral/api/v1/getWhatsNewConfiguration	GET	READ	PROVEN		15	PROVEN live GET 200 (200)	live-walk
seller	Business-Reports-Analytics	sellercentral.amazon.in	/reportcentral/i18n/en-GB.json	GET	READ_FILE	PROVEN		0	static i18n/translation asset (localisation strings)	live-walk
seller	Business-Reports-Analytics	sellercentral.amazon.in	/reportcentral/i18n/en-IN.json	GET	READ_FILE	PROVEN		0	static i18n/translation asset (localisation strings)	live-walk
seller	Business-Reports-Analytics	sellercentral.amazon.in	/reportcentral/i18n/en-US.json	GET	READ_FILE	PROVEN		0	static i18n/translation asset (localisation strings)	live-walk
seller	Coupons-Promotions	sellercentral.amazon.in	/coupons-dashboard-page	?	UNKNOWN			0	verb and posture not proven (G1: denied)	dxrdcmlwuslnc.cloudfront.net_coupons_main.27eeec68fe6cd9b1c6b2.min.js
seller	Coupons-Promotions	sellercentral.amazon.in	/coupons/api/asin	?	UNKNOWN			0	read-shaped path but verb NOT proven in the minified source (G1: denied)	dxrdcmlwuslnc.cloudfront.net_coupons_main.27eeec68fe6cd9b1c6b2.min.js
seller	Coupons-Promotions	sellercentral.amazon.in	/coupons/api/banners	GET	READ	PROVEN		0	PROVEN live GET 200 (200)	dxrdcmlwuslnc.cloudfront.net_coupons_main.27eeec68fe6cd9b1c6b2.min.js
seller	Coupons-Promotions	sellercentral.amazon.in	/coupons/api/cancelCouponPromotion	?	WRITE			0	write-verb constant/path token (G1: deny)	dxrdcmlwuslnc.cloudfront.net_coupons_main.27eeec68fe6cd9b1c6b2.min.js
seller	Coupons-Promotions	sellercentral.amazon.in	/coupons/api/config	GET	READ	PROVEN		63	PROVEN live GET 200 (200)	dxrdcmlwuslnc.cloudfront.net_coupons_main.27eeec68fe6cd9b1c6b2.min.js
seller	Coupons-Promotions	sellercentral.amazon.in	/coupons/api/couponPromotion	?	UNKNOWN			0	verb and posture not proven (G1: denied)	dxrdcmlwuslnc.cloudfront.net_coupons_main.27eeec68fe6cd9b1c6b2.min.js
seller	Coupons-Promotions	sellercentral.amazon.in	/coupons/api/couponPromotion/products	?	UNKNOWN			0	verb and posture not proven (G1: denied)	dxrdcmlwuslnc.cloudfront.net_coupons_main.27eeec68fe6cd9b1c6b2.min.js
seller	Coupons-Promotions	sellercentral.amazon.in	/coupons/api/editCouponPromotion	?	WRITE			0	write-verb constant/path token (G1: deny)	dxrdcmlwuslnc.cloudfront.net_coupons_main.27eeec68fe6cd9b1c6b2.min.js
seller	Coupons-Promotions	sellercentral.amazon.in	/coupons/api/feePreview	?	UNKNOWN			0	read-shaped path but verb NOT proven in the minified source (G1: denied)	dxrdcmlwuslnc.cloudfront.net_coupons_main.27eeec68fe6cd9b1c6b2.min.js
seller	Coupons-Promotions	sellercentral.amazon.in	/coupons/api/getCouponPromotions	GET	READ	PROVEN		0	PROVEN live GET 200 (200)	dxrdcmlwuslnc.cloudfront.net_coupons_main.27eeec68fe6cd9b1c6b2.min.js
seller	Coupons-Promotions	sellercentral.amazon.in	/coupons/api/merchantInfo	GET	READ	PROVEN		10	PROVEN live GET 200 (200)	dxrdcmlwuslnc.cloudfront.net_coupons_main.27eeec68fe6cd9b1c6b2.min.js
seller	Coupons-Promotions	sellercentral.amazon.in	/coupons/api/product-selection/sns/	?	UNKNOWN			0	verb and posture not proven (G1: denied)	dxrdcmlwuslnc.cloudfront.net_coupons_main.27eeec68fe6cd9b1c6b2.min.js
seller	Coupons-Promotions	sellercentral.amazon.in	/coupons/api/recommendations	?	UNKNOWN			0	read-shaped path but verb NOT proven in the minified source (G1: denied)	dxrdcmlwuslnc.cloudfront.net_coupons_main.27eeec68fe6cd9b1c6b2.min.js
seller	Coupons-Promotions	sellercentral.amazon.in	/coupons/api/reportPromotionApprovalDecision	?	WRITE			0	write-verb constant/path token (G1: deny)	dxrdcmlwuslnc.cloudfront.net_coupons_main.27eeec68fe6cd9b1c6b2.min.js
seller	Coupons-Promotions	sellercentral.amazon.in	/coupons/api/search	?	UNKNOWN			0	read-shaped path but verb NOT proven in the minified source (G1: denied)	dxrdcmlwuslnc.cloudfront.net_coupons_main.27eeec68fe6cd9b1c6b2.min.js
seller	Coupons-Promotions	sellercentral.amazon.in	/coupons/api/sku	?	UNKNOWN			0	read-shaped path but verb NOT proven in the minified source (G1: denied)	dxrdcmlwuslnc.cloudfront.net_coupons_main.27eeec68fe6cd9b1c6b2.min.js
seller	Coupons-Promotions	sellercentral.amazon.in	/coupons/api/tailoring	GET	READ	PROVEN		29	PROVEN live GET 200 (200)	dxrdcmlwuslnc.cloudfront.net_coupons_main.27eeec68fe6cd9b1c6b2.min.js
seller	Coupons-Promotions	sellercentral.amazon.in	/coupons/api/tailoring/merchant	?	UNKNOWN			0	verb and posture not proven (G1: denied)	dxrdcmlwuslnc.cloudfront.net_coupons_main.27eeec68fe6cd9b1c6b2.min.js
seller	Coupons-Promotions	sellercentral.amazon.in	/coupons/api/v2/bulkItem	?	UNKNOWN			0	verb and posture not proven (G1: denied)	dxrdcmlwuslnc.cloudfront.net_coupons_main.27eeec68fe6cd9b1c6b2.min.js
seller	Coupons-Promotions	sellercentral.amazon.in	/coupons/api/v2/bulkUploadHistory	?	WRITE			0	write-verb constant/path token (G1: deny)	dxrdcmlwuslnc.cloudfront.net_coupons_main.27eeec68fe6cd9b1c6b2.min.js
seller	Coupons-Promotions	sellercentral.amazon.in	/coupons/api/v2/uploadBulkFile	?	WRITE			0	upload — G2 absolute prohibition	dxrdcmlwuslnc.cloudfront.net_coupons_main.27eeec68fe6cd9b1c6b2.min.js
seller	Coupons-Promotions	sellercentral.amazon.in	/coupons/api/weblabs/all	GET	NOISE	PROVEN		1	telemetry/instrumentation/weblab — not a business data endpoint	dxrdcmlwuslnc.cloudfront.net_coupons_main.27eeec68fe6cd9b1c6b2.min.js
seller	Coupons-Promotions	sellercentral.amazon.in	/coupons/i18n/ar-AE.{hash}.i18next.json	GET	READ_FILE	PROVEN		0	static i18n/translation asset (localisation strings)	live-walk
seller	Coupons-Promotions	sellercentral.amazon.in	/coupons/i18n/de-DE.{hash}.i18next.json	GET	READ_FILE	PROVEN		0	static i18n/translation asset (localisation strings)	live-walk
seller	Coupons-Promotions	sellercentral.amazon.in	/coupons/i18n/en-AU.{hash}.i18next.json	GET	READ_FILE	PROVEN		0	static i18n/translation asset (localisation strings)	live-walk
seller	Coupons-Promotions	sellercentral.amazon.in	/coupons/i18n/en-CA.{hash}.i18next.json	GET	READ_FILE	PROVEN		0	static i18n/translation asset (localisation strings)	live-walk
seller	Coupons-Promotions	sellercentral.amazon.in	/coupons/i18n/en-GB.{hash}.i18next.json	GET	READ_FILE	PROVEN		0	static i18n/translation asset (localisation strings)	live-walk
seller	Coupons-Promotions	sellercentral.amazon.in	/coupons/i18n/en-IE.{hash}.i18next.json	GET	READ_FILE	PROVEN		0	static i18n/translation asset (localisation strings)	live-walk
seller	Coupons-Promotions	sellercentral.amazon.in	/coupons/i18n/en-IN.{hash}.i18next.json	GET	READ_FILE	PROVEN		0	static i18n/translation asset (localisation strings)	live-walk
seller	Coupons-Promotions	sellercentral.amazon.in	/coupons/i18n/en-SG.{hash}.i18next.json	GET	READ_FILE	PROVEN		0	static i18n/translation asset (localisation strings)	live-walk
seller	Coupons-Promotions	sellercentral.amazon.in	/coupons/i18n/en-US.{hash}.i18next.json	GET	READ_FILE	PROVEN		0	static i18n/translation asset (localisation strings)	live-walk
seller	Coupons-Promotions	sellercentral.amazon.in	/coupons/i18n/en-ZA.{hash}.i18next.json	GET	READ_FILE	PROVEN		0	static i18n/translation asset (localisation strings)	live-walk
seller	Coupons-Promotions	sellercentral.amazon.in	/coupons/i18n/es-ES.{hash}.i18next.json	GET	READ_FILE	PROVEN		0	static i18n/translation asset (localisation strings)	live-walk
seller	Coupons-Promotions	sellercentral.amazon.in	/coupons/i18n/es-MX.{hash}.i18next.json	GET	READ_FILE	PROVEN		0	static i18n/translation asset (localisation strings)	live-walk
seller	Coupons-Promotions	sellercentral.amazon.in	/coupons/i18n/fr-BE.{hash}.i18next.json	GET	READ_FILE	PROVEN		0	static i18n/translation asset (localisation strings)	live-walk
seller	Coupons-Promotions	sellercentral.amazon.in	/coupons/i18n/fr-FR.{hash}.i18next.json	GET	READ_FILE	PROVEN		0	static i18n/translation asset (localisation strings)	live-walk
seller	Coupons-Promotions	sellercentral.amazon.in	/coupons/i18n/it-IT.{hash}.i18next.json	GET	READ_FILE	PROVEN		0	static i18n/translation asset (localisation strings)	live-walk
seller	Coupons-Promotions	sellercentral.amazon.in	/coupons/i18n/ja-JP.{hash}.i18next.json	GET	READ_FILE	PROVEN		0	static i18n/translation asset (localisation strings)	live-walk
seller	Coupons-Promotions	sellercentral.amazon.in	/coupons/i18n/nl-NL.{hash}.i18next.json	GET	READ_FILE	PROVEN		0	static i18n/translation asset (localisation strings)	live-walk
seller	Coupons-Promotions	sellercentral.amazon.in	/coupons/i18n/pl-PL.{hash}.i18next.json	GET	READ_FILE	PROVEN		0	static i18n/translation asset (localisation strings)	live-walk
seller	Coupons-Promotions	sellercentral.amazon.in	/coupons/i18n/pt-BR.{hash}.i18next.json	GET	READ_FILE	PROVEN		0	static i18n/translation asset (localisation strings)	live-walk
seller	Coupons-Promotions	sellercentral.amazon.in	/coupons/i18n/sv-SE.{hash}.i18next.json	GET	READ_FILE	PROVEN		0	static i18n/translation asset (localisation strings)	live-walk
seller	Coupons-Promotions	sellercentral.amazon.in	/coupons/i18n/th-TH.{hash}.i18next.json	GET	READ_FILE	PROVEN		0	static i18n/translation asset (localisation strings)	live-walk
seller	Coupons-Promotions	sellercentral.amazon.in	/coupons/i18n/tr-TR.{hash}.i18next.json	GET	READ_FILE	PROVEN		0	static i18n/translation asset (localisation strings)	live-walk
seller	Coupons-Promotions	sellercentral.amazon.in	/coupons/logs	?	NOISE		url	0	telemetry/instrumentation/weblab — not a business data endpoint	dxrdcmlwuslnc.cloudfront.net_coupons_main.27eeec68fe6cd9b1c6b2.min.js
seller	Coupons-Promotions	sellercentral.amazon.in	/coupons/undefined	GET	READ	PROVEN		0	PROVEN live GET 200 (200)	live-walk
seller	Coupons-Promotions	sellercentral.amazon.in	/promotion-central	?	UNKNOWN			0	verb and posture not proven (G1: denied)	dxrdcmlwuslnc.cloudfront.net_coupons_main.27eeec68fe6cd9b1c6b2.min.js
seller	Coupons-Promotions	sellercentral.amazon.in	/promotion-central/api/v1/settings	GET	READ			6	GET (documented from bundle)	live-walk
seller	Coupons-Promotions	sellercentral.amazon.in	/promotion/psp/	?	UNKNOWN			0	verb and posture not proven (G1: denied)	dxrdcmlwuslnc.cloudfront.net_coupons_main.27eeec68fe6cd9b1c6b2.min.js
seller	Feedback-Manager	sellercentral.amazon.in	/fbmapi/v1/aggregates	GET	READ	PROVEN		123	PROVEN live GET 200 (200)	live-walk
seller	Feedback-Manager	sellercentral.amazon.in	/fbmapi/v1/csrf	GET	READ	PROVEN		0	PROVEN live GET 200 (200)	live-walk
seller	Feedback-Manager	sellercentral.amazon.in	/fbmapi/v1/feedbacks	GET	READ	PROVEN		0	PROVEN live GET 200 (200)	live-walk
seller	Feedback-Manager	sellercentral.amazon.in	/fbmapi/v1/metadata	GET	READ	PROVEN		21	PROVEN live GET 200 (200)	live-walk
seller	Feedback-Manager	sellercentral.amazon.in	/fbmapi/v1/orderperformanceSellerBar	GET	READ	PROVEN		4	PROVEN live GET 200 (200)	live-walk
seller	Feedback-Manager	sellercentral.amazon.in	/fbmapi/v1/orderperformanceUIVersions	GET	READ	PROVEN		3	PROVEN live GET 200 (200)	live-walk
seller	Feedback-Manager	sellercentral.amazon.in	/feedback-manager/i18n/en-IN.json	GET	READ_FILE	PROVEN		0	static i18n/translation asset (localisation strings)	live-walk
seller	Feedback-Manager	sellercentral.amazon.in	/feedback-manager/i18n/en-US.json	GET	READ_FILE	PROVEN		0	static i18n/translation asset (localisation strings)	live-walk
seller	Global-Selling-Expansion	sellercentral.amazon.in	/account-switcher/global-and-regional-account/merchantMarketplace	GET	READ	PROVEN		18	PROVEN live GET 200 (200)	live-walk
seller	Global-Selling-Expansion	sellercentral.amazon.in	/global-selling/listings/connect	?	UNKNOWN			0	verb and posture not proven (G1: denied)	d3ou658vn5djeq.cloudfront.net_abis_main.fd4e88f5.js
seller	Global-Selling-Expansion	sellercentral.amazon.in	/marketplace/asin-translation-details	?	READ_FILE			0	static i18n/translation asset (localisation strings)	d3ou658vn5djeq.cloudfront.net_abis_main.fd4e88f5.js
seller	Global-Selling-Expansion	sellercentral.amazon.in	/marketplace/exchange-rates	?	UNKNOWN			0	read-shaped path but verb NOT proven in the minified source (G1: denied)	d3ou658vn5djeq.cloudfront.net_abis_main.fd4e88f5.js
seller	Global-Selling-Expansion	sellercentral.amazon.in	/marketplace/global-listings-expansion-data	?	UNKNOWN			0	read-shaped path but verb NOT proven in the minified source (G1: denied)	d3ou658vn5djeq.cloudfront.net_abis_main.fd4e88f5.js
seller	Global-Selling-Expansion	sellercentral.amazon.in	/marketplace/listing-preferences	?	UNKNOWN			0	read-shaped path but verb NOT proven in the minified source (G1: denied)	d3ou658vn5djeq.cloudfront.net_abis_main.fd4e88f5.js
seller	Global-Selling-Expansion	sellercentral.amazon.in	/marketplace/recommendation	?	UNKNOWN			0	read-shaped path but verb NOT proven in the minified source (G1: denied)	d3ou658vn5djeq.cloudfront.net_abis_main.fd4e88f5.js
seller	Global-Selling-Expansion	sellercentral.amazon.in	/marketplace/set-listing-preferences	?	WRITE			0	write-verb constant/path token (G1: deny)	d3ou658vn5djeq.cloudfront.net_abis_main.fd4e88f5.js
seller	Global-Selling-Expansion	sellercentral.amazon.in	/meld/mons-api/GetMarketplaceSwitcher	GET	READ	PROVEN		27	PROVEN live GET 200 (200)	live-walk
seller	Global-Selling-Expansion	sellercentral.amazon.in	/multi-channel/listings/api/catalogs	GET	READ			0	GET (documented from bundle)	d3ou658vn5djeq.cloudfront.net_abis_main.fd4e88f5.js
seller	Inventory-FBA	sellercentral.amazon.in	/fba/dashboard/bff/graphql	POST	READ_POST			0	app-issued POST read (GraphQL/RPC) — G0 forbids POST, gate kept closed	live-walk-blocked
seller	Inventory-FBA	sellercentral.amazon.in	/fba/gstreports/report-history	GET	READ	PROVEN		0	PROVEN live GET 200 (200)	live-walk
seller	Inventory-FBA	sellercentral.amazon.in	/inventoryplanning/check-unread-message	GET	READ	PROVEN		1	PROVEN live GET 200 (200)	live-walk
seller	Inventory-FBA	sellercentral.amazon.in	/inventoryplanning/stranded-inventory/autoRemovalSettings	GET	READ	PROVEN		0	PROVEN live GET 200 (200)	live-walk
seller	Inventory-Pricing	sellercentral.amazon.in	/automatepricing/rules/listings/	?	UNKNOWN			0	verb and posture not proven (G1: denied)	d3ou658vn5djeq.cloudfront.net_abis_main.fd4e88f5.js
seller	Inventory-Pricing	sellercentral.amazon.in	/hz/inventory	?	UNKNOWN		url	0	verb and posture not proven (G1: denied)	d1bkay65ooam95.cloudfront.net_help_hub_11.1d1195a11dff62882ebe.chunk.min.js
seller	Inventory-Pricing	sellercentral.amazon.in	/myinventory/actions	?	UNKNOWN		source	0	verb and posture not proven (G1: denied)	d1bkay65ooam95.cloudfront.net_help_hub_amznvendor.f13c0a826c39124a21fa.chunk.min.js
seller	Inventory-Pricing	sellercentral.amazon.in	/myinventory/inventory	?	UNKNOWN			0	verb and posture not proven (G1: denied)	d3ou658vn5djeq.cloudfront.net_abis_main.fd4e88f5.js
seller	Listings-ASIN-Management	sellercentral.amazon.in	/abis/ajax/EasyListConfig	?	UNKNOWN			0	read-shaped path but verb NOT proven in the minified source (G1: denied)	d3ou658vn5djeq.cloudfront.net_abis_main.fd4e88f5.js
seller	Listings-ASIN-Management	sellercentral.amazon.in	/abis/ajax/S3ImageUpload	?	WRITE			0	upload — G2 absolute prohibition	d3ou658vn5djeq.cloudfront.net_abis_main.fd4e88f5.js
seller	Listings-ASIN-Management	sellercentral.amazon.in	/abis/ajax/brand/authorization	?	UNKNOWN			0	verb and posture not proven (G1: denied)	d3ou658vn5djeq.cloudfront.net_abis_main.fd4e88f5.js
seller	Listings-ASIN-Management	sellercentral.amazon.in	/abis/ajax/clone-bsm-asin	?	WRITE			0	write-verb constant/path token (G1: deny)	d3ou658vn5djeq.cloudfront.net_abis_main.fd4e88f5.js
seller	Listings-ASIN-Management	sellercentral.amazon.in	/abis/ajax/clone-from-asin	?	WRITE			0	write-verb constant/path token (G1: deny)	d3ou658vn5djeq.cloudfront.net_abis_main.fd4e88f5.js
seller	Listings-ASIN-Management	sellercentral.amazon.in	/abis/ajax/clone-listing	?	WRITE			0	write-verb constant/path token (G1: deny)	d3ou658vn5djeq.cloudfront.net_abis_main.fd4e88f5.js
seller	Listings-ASIN-Management	sellercentral.amazon.in	/abis/ajax/create-listing	?	WRITE			0	write-verb constant/path token (G1: deny)	d3ou658vn5djeq.cloudfront.net_abis_main.fd4e88f5.js
seller	Listings-ASIN-Management	sellercentral.amazon.in	/abis/ajax/create-offer	?	WRITE			0	write-verb constant/path token (G1: deny)	d3ou658vn5djeq.cloudfront.net_abis_main.fd4e88f5.js
seller	Listings-ASIN-Management	sellercentral.amazon.in	/abis/ajax/create-pt-selection	?	WRITE			0	write-verb constant/path token (G1: deny)	d3ou658vn5djeq.cloudfront.net_abis_main.fd4e88f5.js
seller	Listings-ASIN-Management	sellercentral.amazon.in	/abis/ajax/create-variation-from-standalone	?	WRITE			0	write-verb constant/path token (G1: deny)	d3ou658vn5djeq.cloudfront.net_abis_main.fd4e88f5.js
seller	Listings-ASIN-Management	sellercentral.amazon.in	/abis/ajax/detailPageInfo	?	UNKNOWN			0	read-shaped path but verb NOT proven in the minified source (G1: denied)	d3ou658vn5djeq.cloudfront.net_abis_main.fd4e88f5.js
seller	Listings-ASIN-Management	sellercentral.amazon.in	/abis/ajax/edit	?	WRITE			0	write-verb constant/path token (G1: deny)	d3ou658vn5djeq.cloudfront.net_abis_main.fd4e88f5.js
seller	Listings-ASIN-Management	sellercentral.amazon.in	/abis/ajax/edit-draft	?	WRITE			0	write-verb constant/path token (G1: deny)	d3ou658vn5djeq.cloudfront.net_abis_main.fd4e88f5.js
seller	Listings-ASIN-Management	sellercentral.amazon.in	/abis/ajax/edit-draft/save	?	WRITE			0	write-verb constant/path token (G1: deny)	d3ou658vn5djeq.cloudfront.net_abis_main.fd4e88f5.js
seller	Listings-ASIN-Management	sellercentral.amazon.in	/abis/ajax/fix-listing	?	UNKNOWN			0	read-shaped path but verb NOT proven in the minified source (G1: denied)	d3ou658vn5djeq.cloudfront.net_abis_main.fd4e88f5.js
seller	Listings-ASIN-Management	sellercentral.amazon.in	/abis/ajax/get-standalone-for-variation	?	UNKNOWN			0	read-shaped path but verb NOT proven in the minified source (G1: denied)	d3ou658vn5djeq.cloudfront.net_abis_main.fd4e88f5.js
seller	Listings-ASIN-Management	sellercentral.amazon.in	/abis/ajax/losg-global/get-listing	?	UNKNOWN			0	read-shaped path but verb NOT proven in the minified source (G1: denied)	d3ou658vn5djeq.cloudfront.net_abis_main.fd4e88f5.js
seller	Listings-ASIN-Management	sellercentral.amazon.in	/abis/ajax/offer-full-form	?	UNKNOWN			0	verb and posture not proven (G1: denied)	d3ou658vn5djeq.cloudfront.net_abis_main.fd4e88f5.js
seller	Listings-ASIN-Management	sellercentral.amazon.in	/abis/ajax/offer-prefilled	?	UNKNOWN			0	read-shaped path but verb NOT proven in the minified source (G1: denied)	d3ou658vn5djeq.cloudfront.net_abis_main.fd4e88f5.js
seller	Listings-ASIN-Management	sellercentral.amazon.in	/abis/ajax/reconciledDetailsV2	?	UNKNOWN			0	read-shaped path but verb NOT proven in the minified source (G1: denied)	d3ou658vn5djeq.cloudfront.net_abis_main.fd4e88f5.js
seller	Listings-ASIN-Management	sellercentral.amazon.in	/abis/ajax/searchSkus	?	UNKNOWN			0	read-shaped path but verb NOT proven in the minified source (G1: denied)	d3ou658vn5djeq.cloudfront.net_abis_main.fd4e88f5.js
seller	Listings-ASIN-Management	sellercentral.amazon.in	/abis/ajax/write-offer	?	WRITE			0	write-verb constant/path token (G1: deny)	d3ou658vn5djeq.cloudfront.net_abis_main.fd4e88f5.js
seller	Listings-ASIN-Management	sellercentral.amazon.in	/abis/ajax/write-offer-full-form	?	WRITE			0	write-verb constant/path token (G1: deny)	d3ou658vn5djeq.cloudfront.net_abis_main.fd4e88f5.js
seller	Listings-ASIN-Management	sellercentral.amazon.in	/abis/ajax/write-variation-from-standalone	?	WRITE			0	write-verb constant/path token (G1: deny)	d3ou658vn5djeq.cloudfront.net_abis_main.fd4e88f5.js
seller	Listings-ASIN-Management	sellercentral.amazon.in	/abis/index.html	?	READ			0	page route — server-rendered GET	d1bkay65ooam95.cloudfront.net_help_hub_amznvendor.f13c0a826c39124a21fa.chunk.min.js
seller	Listings-ASIN-Management	sellercentral.amazon.in	/abis/listing/clone	?	WRITE			0	write-verb constant/path token (G1: deny)	d3ou658vn5djeq.cloudfront.net_abis_main.fd4e88f5.js
seller	Listings-ASIN-Management	sellercentral.amazon.in	/abis/listing/clone-bsm-asin	?	WRITE			0	write-verb constant/path token (G1: deny)	d3ou658vn5djeq.cloudfront.net_abis_main.fd4e88f5.js
seller	Listings-ASIN-Management	sellercentral.amazon.in	/abis/listing/clone-bsm-asin/	?	WRITE			0	write-verb constant/path token (G1: deny)	d3ou658vn5djeq.cloudfront.net_abis_main.fd4e88f5.js
seller	Listings-ASIN-Management	sellercentral.amazon.in	/abis/listing/clone-from-asin	?	WRITE			0	write-verb constant/path token (G1: deny)	d3ou658vn5djeq.cloudfront.net_abis_main.fd4e88f5.js
seller	Listings-ASIN-Management	sellercentral.amazon.in	/abis/listing/clone-from-asin/	?	WRITE			0	write-verb constant/path token (G1: deny)	d3ou658vn5djeq.cloudfront.net_abis_main.fd4e88f5.js
seller	Listings-ASIN-Management	sellercentral.amazon.in	/abis/listing/clone/	?	WRITE			0	write-verb constant/path token (G1: deny)	d3ou658vn5djeq.cloudfront.net_abis_main.fd4e88f5.js
seller	Listings-ASIN-Management	sellercentral.amazon.in	/abis/listing/create	?	WRITE		oneByOneAddProduct	0	write-verb constant/path token (G1: deny)	dd5vo8kgyegf4.cloudfront.net_productclassify_app.41472558f388593627ab.min.js
seller	Listings-ASIN-Management	sellercentral.amazon.in	/abis/listing/create-variation-from-standalone	?	WRITE			0	write-verb constant/path token (G1: deny)	d3ou658vn5djeq.cloudfront.net_abis_main.fd4e88f5.js
seller	Listings-ASIN-Management	sellercentral.amazon.in	/abis/listing/create/	?	WRITE			0	write-verb constant/path token (G1: deny)	d3ou658vn5djeq.cloudfront.net_abis_main.fd4e88f5.js
seller	Listings-ASIN-Management	sellercentral.amazon.in	/abis/listing/createFromDraft	?	WRITE		oneByOneFixProduct	0	write-verb constant/path token (G1: deny)	dd5vo8kgyegf4.cloudfront.net_productclassify_app.41472558f388593627ab.min.js
seller	Listings-ASIN-Management	sellercentral.amazon.in	/abis/listing/edit	?	WRITE		oneByOneEditProduct	0	write-verb constant/path token (G1: deny)	dd5vo8kgyegf4.cloudfront.net_productclassify_app.41472558f388593627ab.min.js
seller	Listings-ASIN-Management	sellercentral.amazon.in	/abis/listing/edit-draft	?	WRITE			0	write-verb constant/path token (G1: deny)	d3ou658vn5djeq.cloudfront.net_abis_main.fd4e88f5.js
seller	Listings-ASIN-Management	sellercentral.amazon.in	/abis/listing/multi-create	?	WRITE			0	write-verb constant/path token (G1: deny)	d3ou658vn5djeq.cloudfront.net_abis_main.fd4e88f5.js
seller	Listings-ASIN-Management	sellercentral.amazon.in	/abis/listing/offer-full-form	?	UNKNOWN			0	read-shaped path but verb NOT proven in the minified source (G1: denied)	d3ou658vn5djeq.cloudfront.net_abis_main.fd4e88f5.js
seller	Listings-ASIN-Management	sellercentral.amazon.in	/abis/listing/syh	?	UNKNOWN			0	read-shaped path but verb NOT proven in the minified source (G1: denied)	d3ou658vn5djeq.cloudfront.net_abis_main.fd4e88f5.js
seller	Listings-ASIN-Management	sellercentral.amazon.in	/abis/listing/v1/log	?	UNKNOWN		url	0	read-shaped path but verb NOT proven in the minified source (G1: denied)	d3ou658vn5djeq.cloudfront.net_abis_main.fd4e88f5.js
seller	Listings-ASIN-Management	sellercentral.amazon.in	/abis/product/ajax/CreationValidation	?	WRITE			0	write-verb constant/path token (G1: deny)	d3ou658vn5djeq.cloudfront.net_abis_main.fd4e88f5.js
seller	Listings-ASIN-Management	sellercentral.amazon.in	/abis/product/ajax/EditValidation	?	WRITE			0	write-verb constant/path token (G1: deny)	d3ou658vn5djeq.cloudfront.net_abis_main.fd4e88f5.js
seller	Listings-ASIN-Management	sellercentral.amazon.in	/abis/product/ajax/FeePreview.ajax	?	UNKNOWN			0	read-shaped path but verb NOT proven in the minified source (G1: denied)	d3ou658vn5djeq.cloudfront.net_abis_main.fd4e88f5.js
seller	Listings-ASIN-Management	sellercentral.amazon.in	/abis/product/ajax/MarketplaceListingEvent.ajax	?	UNKNOWN			0	read-shaped path but verb NOT proven in the minified source (G1: denied)	d3ou658vn5djeq.cloudfront.net_abis_main.fd4e88f5.js
seller	Listings-ASIN-Management	sellercentral.amazon.in	/abis/product/ajax/OfferValidation	?	WRITE			0	write-verb constant/path token (G1: deny)	d3ou658vn5djeq.cloudfront.net_abis_main.fd4e88f5.js
seller	Listings-ASIN-Management	sellercentral.amazon.in	/drafts/api/get	GET	READ	PROVEN		2	PROVEN live GET 200 (200)	live-walk
seller	Listings-ASIN-Management	sellercentral.amazon.in	/drafts/api/getContributors	GET	READ	PROVEN		4	PROVEN live GET 200 (200)	live-walk
seller	Listings-ASIN-Management	sellercentral.amazon.in	/interactive/listing/workflow/create	?	WRITE			0	write-verb constant/path token (G1: deny)	d3ou658vn5djeq.cloudfront.net_abis_preload.6ef853a8.js
seller	Listings-ASIN-Management	sellercentral.amazon.in	/interactive/listing/workflow/create/product_identity	?	WRITE			0	write-verb constant/path token (G1: deny)	d3ou658vn5djeq.cloudfront.net_abis_preload.6ef853a8.js
seller	Listings-ASIN-Management	sellercentral.amazon.in	/interactive/listing/workflow/edit	?	WRITE			0	write-verb constant/path token (G1: deny)	d3ou658vn5djeq.cloudfront.net_abis_preload.6ef853a8.js
seller	Listings-ASIN-Management	sellercentral.amazon.in	/interactive/listing/workflow/offer/offer	?	WRITE			0	write-verb constant/path token (G1: deny)	d3ou658vn5djeq.cloudfront.net_abis_preload.6ef853a8.js
seller	Listings-ASIN-Management	sellercentral.amazon.in	/lyp/api/enabledFeatures	GET	READ	PROVEN		14	PROVEN live GET 200 (200)	live-walk
seller	Listings-ASIN-Management	sellercentral.amazon.in	/m/products/edit	GET	UNKNOWN		mobileEditWorkflow	0	READ-shaped but path has a write-verb segment — denied per guardrail (G1)	d3ou658vn5djeq.cloudfront.net_abis_main.fd4e88f5.js
seller	Listings-ASIN-Management	sellercentral.amazon.in	/product/DisplayEditProduct	?	WRITE		oldEdit	0	write-verb constant/path token (G1: deny)	d3ou658vn5djeq.cloudfront.net_abis_main.fd4e88f5.js
seller	Listings-ASIN-Management	sellercentral.amazon.in	/spsx/ajax/checkSellerQualification	?	UNKNOWN			0	read-shaped path but verb NOT proven in the minified source (G1: denied)	d3ou658vn5djeq.cloudfront.net_abis_main.fd4e88f5.js
seller	Listings-ASIN-Management	sellercentral.amazon.in	/spsx/ajax/getAttributesNormalizedValues	?	UNKNOWN			0	read-shaped path but verb NOT proven in the minified source (G1: denied)	d3ou658vn5djeq.cloudfront.net_abis_main.fd4e88f5.js
seller	Listings-ASIN-Management	sellercentral.amazon.in	/spsx/ajax/getContributionScope	?	UNKNOWN			0	read-shaped path but verb NOT proven in the minified source (G1: denied)	d3ou658vn5djeq.cloudfront.net_abis_preload.6ef853a8.js
seller	Listings-ASIN-Management	sellercentral.amazon.in	/spsx/ajax/getFBAEligibilityAndRecommendation	?	UNKNOWN			0	read-shaped path but verb NOT proven in the minified source (G1: denied)	d3ou658vn5djeq.cloudfront.net_abis_main.fd4e88f5.js
seller	Listings-ASIN-Management	sellercentral.amazon.in	/syh/DisplayCondition	?	UNKNOWN		mobileSYHWorkflow	0	verb and posture not proven (G1: denied)	d3ou658vn5djeq.cloudfront.net_abis_main.fd4e88f5.js
seller	Messaging-Buyer-Seller	sellercentral.amazon.in	/conversation-api/v1/notifications	GET	READ	PROVEN		1	PROVEN live GET 200 (200)	live-walk
seller	Messaging-Buyer-Seller	sellercentral.amazon.in	/conversation-api/v1/sidebarContext	GET	READ	PROVEN		8	PROVEN live GET 200 (200)	d1bkay65ooam95.cloudfront.net_help_hub_main.952fe11d767a76f7ba6b.chunk.min.js
seller	Messaging-Buyer-Seller	sellercentral.amazon.in	/messaging/api/global/cases	GET	READ	PROVEN		2	PROVEN live GET 200 (200)	live-walk
seller	Messaging-Buyer-Seller	sellercentral.amazon.in	/messaging/api/global/cases/{uuid}	GET	READ	PROVEN		71	PROVEN live GET 200 (200)	live-walk
seller	Messaging-Buyer-Seller	sellercentral.amazon.in	/messaging/api/global/cases/{uuid}/orderContext	GET	READ	PROVEN		7	PROVEN live GET 200 (200)	live-walk
seller	Messaging-Buyer-Seller	sellercentral.amazon.in	/messaging/api/global/cases/{uuid}/responsetemplates	GET	READ	PROVEN		2	PROVEN live GET 200 (200)	live-walk
seller	Messaging-Buyer-Seller	sellercentral.amazon.in	/messaging/api/global/partnerAccounts	GET	READ	PROVEN		3	PROVEN live GET 200 (200)	live-walk
seller	Messaging-Buyer-Seller	sellercentral.amazon.in	/messaging/api/global/partnerAccounts/marketplaces	GET	READ	PROVEN		5	PROVEN live GET 200 (200)	live-walk
seller	Messaging-Buyer-Seller	sellercentral.amazon.in	/messaging/api/global/rights	GET	READ	PROVEN		2	PROVEN live GET 200 (200)	live-walk
seller	Messaging-Buyer-Seller	sellercentral.amazon.in	/messaging/api/global/topics/categories	GET	READ	PROVEN		2	PROVEN live GET 200 (200)	live-walk
seller	Messaging-Buyer-Seller	sellercentral.amazon.in	/messaging/api/global/weblab	GET	NOISE	PROVEN		2	telemetry/instrumentation/weblab — not a business data endpoint	live-walk
seller	Messaging-Buyer-Seller	sellercentral.amazon.in	/messaging/api/global/weblab/v2	GET	NOISE	PROVEN		2	telemetry/instrumentation/weblab — not a business data endpoint	live-walk
seller	Messaging-Buyer-Seller	sellercentral.amazon.in	/messaging/api/resourceError	POST	READ_POST			0	POST-bodied endpoint, read-shaped (G0 forbids POST)	messaging_inbox.html
seller	Messaging-Buyer-Seller	sellercentral.amazon.in	/messaging/api/weblab/marketplace	GET	NOISE			2	telemetry/instrumentation/weblab — not a business data endpoint	live-walk
seller	Messaging-Buyer-Seller	sellercentral.amazon.in	/messaging/inbox	?	READ			0	page route — server-rendered GET	sc-home.html
seller	Messaging-Buyer-Seller	sellercentral.amazon.in	/messaging/overview/api/metric/contactsReportedUnresolved	GET	READ	PROVEN		2	PROVEN live GET 200 (200)	live-walk
seller	Messaging-Buyer-Seller	sellercentral.amazon.in	/messaging/overview/api/metric/contactsRequireAttention	GET	READ	PROVEN		2	PROVEN live GET 200 (200)	live-walk
seller	Messaging-Buyer-Seller	sellercentral.amazon.in	/messaging/overview/api/metric/contactsResolved	GET	READ	PROVEN		2	PROVEN live GET 200 (200)	live-walk
seller	Messaging-Buyer-Seller	sellercentral.amazon.in	/messaging/overview/api/metric/contactsResponseNeeded	GET	READ	PROVEN		2	PROVEN live GET 200 (200)	live-walk
seller	Messaging-Buyer-Seller	sellercentral.amazon.in	/messaging/v2/i18n/en-IN.{hash}.json	GET	READ_FILE	PROVEN		0	static i18n/translation asset (localisation strings)	live-walk
seller	Messaging-Buyer-Seller	sellercentral.amazon.in	/messaging/v2/i18n/en-US.{hash}.json	GET	READ_FILE	PROVEN		0	static i18n/translation asset (localisation strings)	live-walk
seller	Orders	sellercentral.amazon.in	/orders-api/adConfig	GET	READ	PROVEN		2	PROVEN live GET 200 (200)	live-walk
seller	Orders	sellercentral.amazon.in	/orders-api/manifest-v3	GET	READ	PROVEN		0	PROVEN live GET 200 (200)	live-walk
seller	Orders	sellercentral.amazon.in	/orders-api/manifest-v3/quick-filters	GET	READ	PROVEN		0	PROVEN live GET 200 (200)	live-walk
seller	Orders	sellercentral.amazon.in	/orders-api/notifications/MYO_LIST_ORDERS_EASYSHIP	GET	READ	PROVEN		1	PROVEN live GET 200 (200)	live-walk
seller	Orders	sellercentral.amazon.in	/orders-api/prefs/table-content	GET	READ	PROVEN		4	PROVEN live GET 200 (200)	live-walk
seller	Orders	sellercentral.amazon.in	/orders-api/search	GET	READ	PROVEN		10	PROVEN live GET 200 (200)	live-walk
seller	Product-Classification	sellercentral.amazon.in	/certification/1x1certification	?	UNKNOWN		source	0	verb and posture not proven (G1: denied)	d1bkay65ooam95.cloudfront.net_help_hub_amznvendor.f13c0a826c39124a21fa.chunk.min.js
seller	Product-Classification	sellercentral.amazon.in	/handmade/apply	?	WRITE		gatingHandmadePage	0	write-verb constant/path token (G1: deny)	dd5vo8kgyegf4.cloudfront.net_productclassify_app.41472558f388593627ab.min.js
seller	Product-Classification	sellercentral.amazon.in	/handmade/productclassify	?	UNKNOWN		legacyHandmadeProductClassify	0	verb and posture not proven (G1: denied)	dd5vo8kgyegf4.cloudfront.net_productclassify_app.41472558f388593627ab.min.js
seller	Product-Classification	sellercentral.amazon.in	/hz/manage-your-category/	?	UNKNOWN		manageYourCategory	0	verb and posture not proven (G1: denied)	dd5vo8kgyegf4.cloudfront.net_productclassify_app.41472558f388593627ab.min.js
seller	Product-Classification	sellercentral.amazon.in	/hz/productclassify	?	UNKNOWN		legacyProductClassify	0	verb and posture not proven (G1: denied)	dd5vo8kgyegf4.cloudfront.net_productclassify_app.41472558f388593627ab.min.js
seller	Product-Classification	sellercentral.amazon.in	/productclassify/api	?	UNKNOWN			0	verb and posture not proven (G1: denied)	dd5vo8kgyegf4.cloudfront.net_productclassify_app.41472558f388593627ab.min.js
seller	Product-Classification	sellercentral.amazon.in	/productclassify/api/browse	GET	READ	PROVEN		0	PROVEN live GET 200 (200)	live-walk
seller	Product-Classification	sellercentral.amazon.in	/productclassify/api/browse-nodes	?	UNKNOWN			0	read-shaped path but verb NOT proven in the minified source (G1: denied)	d3ou658vn5djeq.cloudfront.net_abis_main.fd4e88f5.js
seller	Product-Classification	sellercentral.amazon.in	/productclassify/api/context	GET	READ	PROVEN		12	PROVEN live GET 200 (200)	live-walk
seller	Product-Classification	sellercentral.amazon.in	/productclassify/api/favorites	GET	READ	PROVEN		16	PROVEN live GET 200 (200)	live-walk
seller	Product-Classification	sellercentral.amazon.in	/productclassify/api/pt-search	?	UNKNOWN			0	read-shaped path but verb NOT proven in the minified source (G1: denied)	d3ou658vn5djeq.cloudfront.net_abis_main.fd4e88f5.js
seller	Product-Classification	sellercentral.amazon.in	/productclassify/edit	?	WRITE			0	write-verb constant/path token (G1: deny)	d3ou658vn5djeq.cloudfront.net_abis_main.fd4e88f5.js
seller	Product-Classification	sellercentral.amazon.in	/productclassify/edit/handmade	?	WRITE			0	write-verb constant/path token (G1: deny)	d3ou658vn5djeq.cloudfront.net_abis_main.fd4e88f5.js
seller	Product-Classification	sellercentral.amazon.in	/productclassify/i18n/en-IN.{hash}.i18next.json	GET	READ_FILE	PROVEN		52	static i18n/translation asset (localisation strings)	live-walk
seller	Product-Classification	sellercentral.amazon.in	/productclassify/i18n/en-US.{hash}.i18next.json	GET	READ_FILE	PROVEN		52	static i18n/translation asset (localisation strings)	live-walk
seller	Product-Classification	sellercentral.amazon.in	/productclassify/index.html	?	READ			0	page route — server-rendered GET	d3ou658vn5djeq.cloudfront.net_abis_main.fd4e88f5.js
seller	Product-Classification	sellercentral.amazon.in	/productsearch/v2/search	?	UNKNOWN			0	read-shaped path but verb NOT proven in the minified source (G1: denied)	d3ou658vn5djeq.cloudfront.net_abis_main.fd4e88f5.js
seller	Product-Classification	sellercentral.amazon.in	/productsearch/valuesuggestions	?	UNKNOWN			0	read-shaped path but verb NOT proven in the minified source (G1: denied)	d3ou658vn5djeq.cloudfront.net_abis_main.fd4e88f5.js
vendor	Purchase-Orders	www.vendorcentral.in	/po-api/vendor/homepage/homepage-asn-discrepancies	GET	READ		homepage-asn-discrepancies	0	GET (documented from bundle)	seed:VERIFIED-FINDINGS.md
vendor	Purchase-Orders	www.vendorcentral.in	/po-api/vendor/homepage/homepage-confirmation	GET	READ		homepage-confirmation	0	GET (documented from bundle)	seed:VERIFIED-FINDINGS.md
vendor	Purchase-Orders	www.vendorcentral.in	/po-api/vendor/homepage/homepage-recently-modified	GET	READ		homepage-recently-modified	0	GET (documented from bundle)	seed:VERIFIED-FINDINGS.md
vendor	Purchase-Orders	www.vendorcentral.in	/po-api/vendor/members/po-mgmt/search/downloadVendorSearchFile	POST	READ_POST		PathPODownload	0	POST-bodied endpoint, read-shaped (G0 forbids POST)	seed:VERIFIED-FINDINGS.md
vendor	Purchase-Orders	www.vendorcentral.in	/po-api/vendor/members/po-mgmt/search/generateVendorSearchFile-v3	POST	WRITE		PathPOGenerate	0	POST + write-verb token (G1 deny)	seed:VERIFIED-FINDINGS.md
vendor	Purchase-Orders	www.vendorcentral.in	/po-api/vendor/members/po-mgmt/search/getVendorSearchFileStatus	POST	READ_POST		PathPOStatus	0	POST-bodied endpoint, read-shaped (G0 forbids POST)	seed:VERIFIED-FINDINGS.md
vendor	Purchase-Orders	www.vendorcentral.in	/po/vendor/members/po-mgmt/dashboard	GET	READ		po-dashboard	0	GET (documented from bundle)	seed:VERIFIED-FINDINGS.md
vendor	Purchase-Orders	www.vendorcentral.in	/po/vendor/members/po-mgmt/managepos	GET	READ		refererManagePOs	0	GET (documented from bundle)	seed:VERIFIED-FINDINGS.md
vendor	Retail-Analytics-ARA	www.vendorcentral.in	/analytics/dashboard/vendorAnalytics	GET	READ		vendorAnalytics	0	GET (documented from bundle)	seed:VERIFIED-FINDINGS.md
vendor	Retail-Analytics-ARA	www.vendorcentral.in	/api/retail-analytics/v1/get-report-data	POST	READ_POST		get-report-data	0	POST-bodied endpoint, read-shaped (G0 forbids POST)	seed:VERIFIED-FINDINGS.md
vendor	Retail-Analytics-ARA	www.vendorcentral.in	/api/retail-analytics/v1/list-report-download-workflows	POST	READ_POST		PathWorkflows	0	POST-bodied endpoint, read-shaped (G0 forbids POST)	seed:VERIFIED-FINDINGS.md
vendor	Retail-Analytics-ARA	www.vendorcentral.in	/api/retail-analytics/v1/request-report-download	POST	WRITE		PathGenerate	0	POST + write-verb token (G1 deny)	seed:VERIFIED-FINDINGS.md
vendor	Retail-Analytics-ARA	www.vendorcentral.in	/retail-analytics/dashboard/sales	GET	READ		refererDashboard	0	GET (documented from bundle)	seed:VERIFIED-FINDINGS.md
vendor	VC-Catalog-Products	www.vendorcentral.in	/hz/vendor/members/products/details	GET	READ		product-details	0	GET (documented from bundle)	seed:VERIFIED-FINDINGS.md
vendor	VC-Catalog-Products	www.vendorcentral.in	/hz/vendor/members/products/mycatalog	GET	READ		mycatalog	0	GET (documented from bundle)	seed:VERIFIED-FINDINGS.md
vendor	VC-Catalog-Products	www.vendorcentral.in	/hz/vendor/members/products/prismo/api/getcsrftoken	GET	READ		getcsrftoken	0	GET (documented from bundle)	seed:VERIFIED-FINDINGS.md
vendor	VC-Coupon-Campaigns	www.vendorcentral.in	/hz/vendor/members/coupon-campaigns/download/{campaignId}/download-metrics	GET	READ		CouponDownloadMetrics	0	GET (documented from bundle)	seed:VERIFIED-FINDINGS.md
vendor	VC-Coupon-Campaigns	www.vendorcentral.in	/hz/vendor/members/coupon-campaigns/view/{campaignId}/campaign-metrics	GET	READ		coupon-referer	0	GET (documented from bundle)	seed:VERIFIED-FINDINGS.md
vendor	VC-Support-Help	sellercentral.amazon.in	/hz/vendor/	?	UNKNOWN			0	verb and posture not proven (G1: denied)	d1bkay65ooam95.cloudfront.net_help_hub_10.bd21120d8044dedd1f32.chunk.min.js
vendor	VC-Support-Help	sellercentral.amazon.in	/hz/vendor/members/help/embed/training/widget/layout/{param}/tags/{param}	?	UNKNOWN		source	0	verb and posture not proven (G1: denied)	d1bkay65ooam95.cloudfront.net_help_hub_amznvendor.f13c0a826c39124a21fa.chunk.min.js
vendor	VC-Support-Help	sellercentral.amazon.in	/hz/vendor/members/products/details	?	UNKNOWN		firstPartyOneByOnePage	0	verb and posture not proven (G1: denied)	dd5vo8kgyegf4.cloudfront.net_productclassify_app.41472558f388593627ab.min.js
vendor	VC-Support-Help	sellercentral.amazon.in	/hz/vendor/members/products/mycatalog	?	UNKNOWN			0	verb and posture not proven (G1: denied)	d3ou658vn5djeq.cloudfront.net_abis_main.fd4e88f5.js
vendor	VC-Support-Help	sellercentral.amazon.in	/hz/vendor/members/products/prismo/api/getcsrftoken	?	UNKNOWN		firstPartyOneByOnePageCsrfToken	0	verb and posture not proven (G1: denied)	dd5vo8kgyegf4.cloudfront.net_productclassify_app.41472558f388593627ab.min.js
vendor	VC-Support-Help	sellercentral.amazon.in	/hz/vendor/members/support/help/node/{helpGuid}	?	UNKNOWN		FIRST_PARTY	0	verb and posture not proven (G1: denied)	d3ou658vn5djeq.cloudfront.net_abis_main.fd4e88f5.js
vendor	VC-Support-Help	sellercentral.amazon.in	/hz/vendor/members/support/hub	?	READ		ADVANTAGE	0	page route — server-rendered GET	dd5vo8kgyegf4.cloudfront.net_productclassify_app.41472558f388593627ab.min.js
vendor	VC-Support-Help	sellercentral.amazon.in	/hz/vendor/{param}/help/embed/{param}	?	UNKNOWN		source	0	verb and posture not proven (G1: denied)	d1bkay65ooam95.cloudfront.net_help_hub_amznvendor.f13c0a826c39124a21fa.chunk.min.js
vendor	VC-Support-Help	www.vendorcentral.in	/hz/vendor/members/support/hub	GET	READ		support-hub	0	GET (documented from bundle)	seed:VERIFIED-FINDINGS.md
