host	path	method	class	app	const	why
brand-portal-service-http.swiggy.com	/api/discounting/v1/campaign/config	GET	READ	im-discounts		observed GET
brand-portal-service-http.swiggy.com	/api/discounting/v1/campaign/file	GET	READ	im-discounts		observed GET
brand-portal-service-http.swiggy.com	/api/discounting/v1/campaign/search	POST	READ	im-discounts		POST-to-read (list/search/get/metrics semantics, no mutating token)
brand-portal-service-http.swiggy.com	/api/discounting/v1/campaign/spins	GET	READ	im-discounts		observed GET
brand-portal-service-http.swiggy.com	/api/discounting/v1/metrics/batch	POST	READ	im-discounts		POST-to-read (list/search/get/metrics semantics, no mutating token)
brand-portal-service-http.swiggy.com	/api/v1/3p/advertiser/metrics/batch	POST	READ	brandverse	BATCH_METRICS	POST-to-read (list/search/get/metrics semantics, no mutating token)
brand-portal-service-http.swiggy.com	/api/v1/account/permissions	GET	READ	brand-portal-client	ACCOUNT_PERMISSIONS	observed GET
brand-portal-service-http.swiggy.com	/api/v1/ads-chat/conversations/list	POST	READ	brand-portal-client	ADS_CHAT_LIST_SESSIONS	POST-to-read (list/search/get/metrics semantics, no mutating token)
brand-portal-service-http.swiggy.com	/api/v1/ads-chat/conversations/{conversation_id}/messages/list	POST	READ	brand-portal-client	ADS_CHAT_GET_SESSION	POST-to-read (list/search/get/metrics semantics, no mutating token)
brand-portal-service-http.swiggy.com	/api/v1/advertiser/metrics	POST	READ	brand-portal-client	BRAND_INSIGHTS_METRICS	POST-to-read (list/search/get/metrics semantics, no mutating token)
brand-portal-service-http.swiggy.com	/api/v1/advertiser/metrics/batch	POST	READ	brand-portal-client	BRAND_INSIGHTS_GET_BATCH_ADVERTISER_METRICS	POST-to-read (list/search/get/metrics semantics, no mutating token)
brand-portal-service-http.swiggy.com	/api/v1/advertiser/metrics/report/list	POST	READ	brand-portal-client	LIST_CUSTOM_REPORTS	POST-to-read (list/search/get/metrics semantics, no mutating token)
brand-portal-service-http.swiggy.com	/api/v1/campaign/suggest-budget	POST	READ	brand-portal-client	SUGGEST_BUDGET	POST-to-read (list/search/get/metrics semantics, no mutating token)
brand-portal-service-http.swiggy.com	/api/v1/campaign/{0}	POST	READ	im-sampling	GET_CAMPAIGN_DETAILS	POST-to-read (list/search/get/metrics semantics, no mutating token)
brand-portal-service-http.swiggy.com	/api/v1/campaigns	POST	READ	brand-portal-client	BRAND_INSIGHTS_CAMPAIGNS	POST-to-read (list/search/get/metrics semantics, no mutating token)
brand-portal-service-http.swiggy.com	/api/v1/creative/details	POST	READ	brand-portal-client	CREATIVE_DETAILS	POST-to-read (list/search/get/metrics semantics, no mutating token)
brand-portal-service-http.swiggy.com	/api/v1/creative/list	POST	READ	brand-portal-client	PREAPPROVED_CREATIVES	POST-to-read (list/search/get/metrics semantics, no mutating token)
brand-portal-service-http.swiggy.com	/api/v1/discount/reports	POST	READ	brand-portal-client	LIST_DISCOUNTS_REPORTS	POST-to-read (list/search/get/metrics semantics, no mutating token)
brand-portal-service-http.swiggy.com	/api/v1/keyword/campaign-insights	POST	READ	brand-portal-client	LIST_KEYWORD_CAMPAIGN_INSIGHTS	POST-to-read (list/search/get/metrics semantics, no mutating token)
brand-portal-service-http.swiggy.com	/api/v1/products/batch	POST	READ	instamart	GET_PRODUCTS_BATCH	POST-to-read (list/search/get/metrics semantics, no mutating token)
brand-portal-service-http.swiggy.com	/api/v1/products/filter	POST	READ	brand-portal-client	LIST_PRODUCTS_BY_BRAND	POST-to-read (list/search/get/metrics semantics, no mutating token)
brand-portal-service-http.swiggy.com	/api/v1/products/search	POST	READ	brand-portal-client	SEARCH_PRODUCTS	POST-to-read (list/search/get/metrics semantics, no mutating token)
brand-portal-service-http.swiggy.com	/api/v1/sales/filters	POST	READ	instamart	GET_SALES_INSIGHTS_FILTER_OPTIONS	POST-to-read (list/search/get/metrics semantics, no mutating token)
brand-portal-service-http.swiggy.com	/api/v1/sales/metric	POST	READ	instamart	GET_SALES_INSIGHTS_METRICS	POST-to-read (list/search/get/metrics semantics, no mutating token)
brand-portal-service-http.swiggy.com	/api/v1/sales/reports	POST	READ	brand-portal-client	LIST_SALES_REPORTS	POST-to-read (list/search/get/metrics semantics, no mutating token)
brand-portal-service-http.swiggy.com	/api/v1/spins/batch	POST	READ	im-sampling	GET_PRODUCT_SPINS_BATCH	POST-to-read (list/search/get/metrics semantics, no mutating token)
brand-portal-service-http.swiggy.com	/api/v1/suggest-placement	POST	READ	brand-portal-client	SUGGEST_PLACEMENT	POST-to-read (list/search/get/metrics semantics, no mutating token)
brand-portal-service-http.swiggy.com	/api/v1/suggest/category-paths	POST	READ	instamart	SUGGEST_CATALOG_TARGETING	POST-to-read (list/search/get/metrics semantics, no mutating token)
brand-portal-service-http.swiggy.com	/api/v1/suggest/keyword/bids	POST	READ	brand-portal-client	KEYWORD_SUGGESTIONS	POST-to-read (list/search/get/metrics semantics, no mutating token)
brand-portal-service-http.swiggy.com	/v1/get_spin_change_attribute_details	POST	READ	im-catalog	GET_SPIN_CHANGE_ATTRIBUTE_DETAILS	POST-to-read (list/search/get/metrics semantics, no mutating token)
brand-portal-service-http.swiggy.com	/v1/get_spin_change_workflow_details	POST	READ	im-catalog	GET_SPIN_CHANGE_WORKFLOW_DETAILS	POST-to-read (list/search/get/metrics semantics, no mutating token)
brand-portal-service-http.swiggy.com	/v1/get_spin_details	POST	READ	im-catalog	GET_SPIN_DETAILS	POST-to-read (list/search/get/metrics semantics, no mutating token)
brand-portal-service-http.swiggy.com	/v1/get_spin_metrics	POST	READ	im-catalog	GET_SPIN_METRICS	POST-to-read (list/search/get/metrics semantics, no mutating token)
brand-portal-service-http.swiggy.com	/v1/list_spin_change_requests	POST	READ	im-catalog	LIST_SPIN_CHANGE_REQUESTS	POST-to-read (list/search/get/metrics semantics, no mutating token)
brand-portal-service-http.swiggy.com	/v1/list_spins	POST	READ	im-catalog	LIST_SPINS	POST-to-read (list/search/get/metrics semantics, no mutating token)
brand-portal-service-http.swiggy.com	/v1/search_brands	POST	READ	im-catalog	SEARCH_BRANDS	POST-to-read (list/search/get/metrics semantics, no mutating token)
brand-portal-service-http.swiggy.com	/v1/search_categories	POST	READ	im-catalog	SEARCH_CATEGORIES	POST-to-read (list/search/get/metrics semantics, no mutating token)
partner-api.swiggy.com	/im-discounts/v1/account/get	GET	READ	im-discounts		observed GET
partner-api.swiggy.com	/im-discounts/v1/account/list	GET	READ	im-discounts		observed GET
partner-api.swiggy.com	/im-discounts/v1/account/permissions	GET	READ	im-discounts		observed GET
partner-api.swiggy.com	/im-discounts/v1/configs	GET	READ	im-discounts		observed GET
partner-api.swiggy.com	/instamart/v1/account/get	GET	READ	brand-portal-client	ACCOUNT_GET	observed GET
partner-api.swiggy.com	/instamart/v1/account/list	GET	READ	brand-portal-client	ACCOUNT_LIST	observed GET
partner-api.swiggy.com	/instamart/v1/account/permissions	GET	READ	brand-portal-client	ACCOUNT_PERMISSIONS	observed GET
partner-api.swiggy.com	/instamart/v1/campaign/bpo	GET	READ	brand-portal-client	CAMPAIGN_GET_BPO	observed GET
partner-api.swiggy.com	/instamart/v1/configs	GET	READ	brand-portal-client	FETCH_CONFIGS	observed GET
partner-api.swiggy.com	/instamart/v1/metrics	POST	READ	brand-portal-client	METRICS	POST-to-read (list/search/get/metrics semantics, no mutating token)
partner-api.swiggy.com	/instamart/v1/products/filter	POST	READ	brand-portal-client	PRODUCTS_FILTER	POST-to-read (list/search/get/metrics semantics, no mutating token)
partner-api.swiggy.com	/instamart/v1/report	POST	READ	brand-portal-client	GET_REPORT	POST-to-read (list/search/get/metrics semantics, no mutating token)
partner-api.swiggy.com	/instamart/v1/report/list-bdpo	POST	READ	brand-portal-client	GET_BDPO_REPORT	POST-to-read (list/search/get/metrics semantics, no mutating token)
partner-api.swiggy.com	/instamart/v1/report/list-sales	POST	READ	brand-portal-client	GET_SALES_REPORT	POST-to-read (list/search/get/metrics semantics, no mutating token)
partner-api.swiggy.com	/time	GET	READ	brand-portal-client	TIME	observed GET
picker.swiggy.com	/api/v1/batch/list	GET	READ	im-vendor	BATCH_LIST	observed GET
picker.swiggy.com	/api/v1/brands/list	GET	READ	im-vendor		observed GET
picker.swiggy.com	/api/v1/category/list	GET	READ	im-vendor		observed GET
picker.swiggy.com	/api/v1/external/indent/get	POST	READ	im-vendor	GET_INDENT	POST-to-read (list/search/get/metrics semantics, no mutating token)
picker.swiggy.com	/api/v1/external/indent/list_indent_items	POST	READ	im-vendor	GET_INDENT_ITEM_LIST	POST-to-read (list/search/get/metrics semantics, no mutating token)
picker.swiggy.com	/api/v1/external/indent/list_indents	POST	READ	im-vendor	GET_INDENT_LIST	POST-to-read (list/search/get/metrics semantics, no mutating token)
picker.swiggy.com	/api/v1/external/indent/po/download	POST	READ_FILE	im-vendor	PO_DOWNLOAD	file-download marker ['download']
picker.swiggy.com	/api/v1/grn/searchGrnLines	POST	READ	im-vendor		POST-to-read (list/search/get/metrics semantics, no mutating token)
picker.swiggy.com	/api/v1/inventory/metrics	POST	READ	im-vendor		POST-to-read (list/search/get/metrics semantics, no mutating token)
picker.swiggy.com	/api/v1/inventory/search/itemInventories	POST	READ	im-vendor		POST-to-read (list/search/get/metrics semantics, no mutating token)
picker.swiggy.com	/api/v1/inventory/search/lowStockFcs	POST	READ	im-vendor		POST-to-read (list/search/get/metrics semantics, no mutating token)
picker.swiggy.com	/api/v1/listAllFCs	POST	READ	im-vendor		POST-to-read (list/search/get/metrics semantics, no mutating token)
picker.swiggy.com	/api/v1/listPurchaseOrderLines	POST	READ	im-vendor	GET_ITEM_LIST_DATA	POST-to-read (list/search/get/metrics semantics, no mutating token)
picker.swiggy.com	/api/v1/purchaseMetrics	POST	READ	im-vendor		POST-to-read (list/search/get/metrics semantics, no mutating token)
picker.swiggy.com	/api/v1/returnMetrics	POST	READ	im-vendor		POST-to-read (list/search/get/metrics semantics, no mutating token)
picker.swiggy.com	/api/v1/search/rtv	POST	READ	im-vendor		POST-to-read (list/search/get/metrics semantics, no mutating token)
picker.swiggy.com	/api/v1/search/rtvLines	POST	READ	im-vendor		POST-to-read (list/search/get/metrics semantics, no mutating token)
picker.swiggy.com	/api/v1/searchGrns	POST	READ	im-vendor		POST-to-read (list/search/get/metrics semantics, no mutating token)
picker.swiggy.com	/api/v1/searchInventoryAvailabilityMetrics	POST	READ	im-vendor		POST-to-read (list/search/get/metrics semantics, no mutating token)
picker.swiggy.com	/api/v1/searchPurchaseOrder	POST	READ	im-vendor	GET_PO_DETAILS	POST-to-read (list/search/get/metrics semantics, no mutating token)
picker.swiggy.com	/api/v1/searchPurchaseReturnLines	POST	READ	im-vendor		POST-to-read (list/search/get/metrics semantics, no mutating token)
picker.swiggy.com	/api/v1/searchPurchaseReturns	POST	READ	im-vendor		POST-to-read (list/search/get/metrics semantics, no mutating token)
picker.swiggy.com	/api/v1/searchSupplierPerformanceMetrics	POST	READ	im-vendor		POST-to-read (list/search/get/metrics semantics, no mutating token)
picker.swiggy.com	/api/v1/vendorPortal/accessInfo	GET	READ	im-vendor		observed GET
