path	shared	JIVO_MART_status	JIVO_MART_kind	JIVO_MART_count	JIVO_OIL_status	JIVO_OIL_kind	JIVO_OIL_count	JIVO_BEVERAGES_status	JIVO_BEVERAGES_kind	JIVO_BEVERAGES_count
/accounts/me/	SHARED	200	object	-	200	object	-	200	object	-
/accounts/users/	SHARED	200	list	>=73	200	list	>=73	200	list	>=73
/ai/assistant/chat/	-	405	-	-	405	-	-	405	-	-
/barcode/boxes/	scoped	200	paginated_list	61016	200	paginated_list	181401	200	paginated_list	20
/barcode/dispatch/bills/lookup/	-	405	-	-	405	-	-	405	-	-
/barcode/dispatch/reports/	scoped	200	list	>=57	200	list	>=128	200	list	>=0
/barcode/dispatch/reports/boxes/	scoped	200	list	>=1000	200	list	>=1000	200	list	>=20
/barcode/dispatch/reports/pallets/	scoped	200	list	>=1000	200	list	>=1000	200	list	>=10
/barcode/dispatch/reports/rejected-scans/	scoped	200	list	>=962	200	list	>=1000	200	list	>=0
/barcode/dispatch/sessions/	scoped	200	paginated_list	57	200	paginated_list	128	200	paginated_list	0
/barcode/dispatch/sessions/active/	scoped	200	paginated_list	55	200	paginated_list	84	200	paginated_list	0
/barcode/dispatch/sessions/closed/	SHARED	200	paginated_list	0	200	paginated_list	0	200	paginated_list	0
/barcode/dispatch/sessions/completed/	scoped	200	paginated_list	2	200	paginated_list	44	200	paginated_list	0
/barcode/dispatch/sessions/from-bill/	scoped	200	paginated_list	57	200	paginated_list	128	200	paginated_list	0
/barcode/dispatch/settings/	scoped	200	object	-	200	object	-	200	object	-
/barcode/intercompany/dashboard/	scoped	200	object	-	200	object	-	200	object	-
/barcode/intercompany/trace/	-	400	-	-	400	-	-	400	-	-
/barcode/intercompany/transfers/	scoped	200	paginated_list	2261	200	paginated_list	2261	200	paginated_list	10
/barcode/items/oitm/	scoped	200	list	>=100	200	list	>=100	200	list	>=97
/barcode/loose/	scoped	200	paginated_list	23	200	paginated_list	903	200	paginated_list	0
/barcode/pallets/	scoped	200	paginated_list	1340	200	paginated_list	3709	200	paginated_list	10
/barcode/print/history/	scoped	200	paginated_list	174	200	paginated_list	247462	200	paginated_list	23
/barcode/production-release-oil/	-	503	-	-	200	list	>=100	503	-	-
/barcode/repack/	-	405	-	-	405	-	-	405	-	-
/barcode/scan/history/	scoped	200	paginated_list	48441	200	paginated_list	52687	200	paginated_list	108
/barcode/transfers/box/	-	405	-	-	405	-	-	405	-	-
/daily-needs-gatein/gate-entries/daily-need/categories/	SHARED	200	list	>=1	200	list	>=1	200	list	>=1
/dashboards/inventory-age/filter-options/	scoped	200	object	-	200	object	-	200	object	-
/dashboards/inventory-age/report/	scoped	200	object	-	200	object	-	200	object	-
/dashboards/sales-planning-requirement/analysis/	scoped	200	object	-	200	object	-	200	object	-
/dashboards/sales-planning-requirement/report/	scoped	200	object	-	200	object	-	200	object	-
/dashboards/sales-planning-requirement/status/	scoped	200	object	-	200	object	-	200	object	-
/dashboards/stock/	scoped	200	object	-	200	object	-	200	object	-
/dashboards/stock/as-of/	-	400	-	-	400	-	-	400	-	-
/dispatch-plans/bills/	-	400	-	-	400	-	-	400	-	-
/dispatch-plans/pipeline/	scoped	200	object	-	200	object	-	200	object	-
/dispatch/bilty-grpo/history/	scoped	200	list	>=0	200	list	>=35	200	list	>=123
/dispatch/bilty-grpo/options/	scoped	200	object	-	200	object	-	200	object	-
/dispatch/bilty-grpo/pending/	scoped	200	list	>=1	200	list	>=5	200	list	>=1
/dispatch/open-bilties/	scoped	200	list	>=0	200	list	>=31	200	list	>=4
/dispatch/transporter-invoices/history/	SHARED	200	list	>=0	200	list	>=0	200	list	>=0
/dispatch/transporter-invoices/preview/	-	405	-	-	405	-	-	405	-	-
/docking-admin/partial-scan-requests/	scoped	200	list	>=66	200	list	>=60	200	list	>=0
/docking-admin/scan-skip-requests/	scoped	200	list	>=14	200	list	>=39	200	list	>=8
/driver-management/drivers/	SHARED	200	list	>=431	200	list	>=431	200	list	>=431
/driver-management/drivers/names/	SHARED	200	list	>=431	200	list	>=431	200	list	>=431
/gate-core/arrivals/	SHARED	200	list	>=200	200	list	>=200	200	list	>=200
/gate-core/arrivals/expected/	-	400	-	-	400	-	-	400	-	-
/gate-core/bst-ins/	SHARED	200	list	>=0	200	list	>=0	200	list	>=0
/gate-core/bst-ins/eligible-outs/	SHARED	200	list	>=0	200	list	>=0	200	list	>=0
/gate-core/bst-outs/	SHARED	200	list	>=0	200	list	>=0	200	list	>=0
/gate-core/bst-outs/sap-transfers/	scoped	200	list	>=50	200	list	>=50	200	list	>=50
/gate-core/bst-returns/	SHARED	200	list	>=0	200	list	>=0	200	list	>=0
/gate-core/bst-returns/eligible-outs/	SHARED	200	list	>=0	200	list	>=0	200	list	>=0
/gate-core/empty-vehicle-ins/	scoped	200	list	>=103	200	list	>=155	200	list	>=365
/gate-core/empty-vehicle-ins/eligible/	scoped	200	list	>=0	200	list	>=0	200	list	>=1
/gate-core/empty-vehicle-ins/reasons/	SHARED	200	list	>=4	200	list	>=4	200	list	>=4
/gate-core/empty-vehicle-outs/	scoped	200	list	>=5	200	list	>=33	200	list	>=49
/gate-core/empty-vehicle-outs/eligible-entries/	scoped	200	list	>=111	200	list	>=797	200	list	>=695
/gate-core/job-work/	scoped	200	list	>=0	200	list	>=10	200	list	>=0
/gate-core/job-work/sap-grpos/	scoped	200	list	>=0	200	list	>=50	200	list	>=0
/gate-core/job-work/sap-production-orders/	scoped	200	list	>=0	200	list	>=50	200	list	>=50
/gate-core/rejected-qc-returns/	SHARED	200	list	>=0	200	list	>=0	200	list	>=0
/gate-core/sales-dispatch/	scoped	200	list	>=103	200	list	>=157	200	list	>=342
/gate-core/sales-dispatch/documents/	scoped	200	list	>=200	200	list	>=200	200	list	>=200
/gate-core/sales-dispatch/lock/	scoped	200	object	-	200	object	-	200	object	-
/gate-core/sales-dispatch/pending-bookings/	SHARED	200	list	>=0	200	list	>=0	200	list	>=0
/gate-core/sales-dispatch/reports/	scoped	200	object	-	200	object	-	200	object	-
/grpo/all-entries/	scoped	200	list	>=5	200	list	>=503	200	list	>=62
/grpo/history/	scoped	200	list	>=0	200	list	>=222	200	list	>=38
/grpo/pending/	scoped	200	list	>=0	200	list	>=260	200	list	>=29
/grpo/service/history/	scoped	200	list	>=0	200	list	>=35	200	list	>=123
/grpo/service/options/	scoped	200	object	-	200	object	-	200	object	-
/grpo/service/pending/	scoped	200	list	>=1	200	list	>=5	200	list	>=1
/grpo/summary/	scoped	200	object	-	200	object	-	200	object	-
/maintenance/alerts/	SHARED	200	object	-	200	object	-	200	object	-
/maintenance/asset-categories/	scoped	200	list	>=0	200	list	>=1	200	list	>=0
/maintenance/asset-departments/	scoped	200	list	>=0	200	list	>=2	200	list	>=0
/maintenance/asset-documents/	SHARED	200	list	>=0	200	list	>=0	200	list	>=0
/maintenance/asset-locations/	scoped	200	list	>=0	200	list	>=1	200	list	>=0
/maintenance/asset-photos/	SHARED	200	list	>=0	200	list	>=0	200	list	>=0
/maintenance/assets/	scoped	200	list	>=0	200	list	>=1	200	list	>=0
/maintenance/dashboard/	scoped	200	object	-	200	object	-	200	object	-
/maintenance/options/	scoped	200	object	-	200	object	-	200	object	-
/maintenance/pm-checklist-items/	SHARED	200	list	>=0	200	list	>=0	200	list	>=0
/maintenance/pm-executions/	SHARED	200	list	>=0	200	list	>=0	200	list	>=0
/maintenance/pm-plans/	SHARED	200	list	>=0	200	list	>=0	200	list	>=0
/maintenance/reports/	SHARED	200	object	-	200	object	-	200	object	-
/maintenance/spare-categories/	SHARED	200	list	>=0	200	list	>=0	200	list	>=0
/maintenance/spare-movements/	SHARED	200	list	>=0	200	list	>=0	200	list	>=0
/maintenance/spare-requests/	SHARED	200	list	>=0	200	list	>=0	200	list	>=0
/maintenance/spares/	SHARED	200	list	>=0	200	list	>=0	200	list	>=0
/maintenance/spares/low-stock/	SHARED	200	list	>=0	200	list	>=0	200	list	>=0
/maintenance/spares/stock/	-	404	-	-	404	-	-	404	-	-
/maintenance/vendor-visits/	SHARED	200	list	>=0	200	list	>=0	200	list	>=0
/maintenance/work-order-photos/	SHARED	200	list	>=0	200	list	>=0	200	list	>=0
/maintenance/work-orders/	scoped	200	list	>=0	200	list	>=4	200	list	>=0
/non-moving-rm/item-groups/	scoped	200	object	-	200	object	-	200	object	-
/non-moving-rm/report/	-	400	-	-	400	-	-	400	-	-
/notifications/	scoped	200	paginated_list	253	200	paginated_list	5252	200	paginated_list	653
/notifications/preferences/	SHARED	200	list	>=61	200	list	>=61	200	list	>=61
/notifications/unread-count/	SHARED	200	object	-	200	object	-	200	object	-
/po/open-pos/	-	400	-	-	400	-	-	400	-	-
/po/vendors/	scoped	200	list	>=218	200	list	>=2194	200	list	>=1664
/po/warehouses/	scoped	200	list	>=31	200	list	>=45	200	list	>=38
/production-execution/breakdown-categories/	scoped	200	list	>=0	200	list	>=4	200	list	>=0
/production-execution/checklist-templates/	SHARED	200	list	>=0	200	list	>=0	200	list	>=0
/production-execution/costs/analytics/	scoped	200	list	>=0	200	list	>=39	200	list	>=3
/production-execution/line-clearance/	scoped	200	list	>=0	200	list	>=30	200	list	>=2
/production-execution/line-configs/	scoped	200	list	>=0	200	list	>=1	200	list	>=0
/production-execution/line-configs/auto-fill/	-	400	-	-	400	-	-	400	-	-
/production-execution/lines/	scoped	200	list	>=0	200	list	>=7	200	list	>=1
/production-execution/machine-checklists/	SHARED	200	list	>=0	200	list	>=0	200	list	>=0
/production-execution/machine-checklists/bulk/	-	405	-	-	405	-	-	405	-	-
/production-execution/machines/	SHARED	200	list	>=0	200	list	>=0	200	list	>=0
/production-execution/reports/analytics/	scoped	200	object	-	200	object	-	200	object	-
/production-execution/reports/analytics/cost-analysis/	scoped	200	object	-	200	object	-	200	object	-
/production-execution/reports/analytics/downtime-pareto/	scoped	200	object	-	200	object	-	200	object	-
/production-execution/reports/analytics/downtime/	scoped	200	object	-	200	object	-	200	object	-
/production-execution/reports/analytics/monthly-summary/	scoped	200	object	-	200	object	-	200	object	-
/production-execution/reports/analytics/oee-trend/	scoped	200	object	-	200	object	-	200	object	-
/production-execution/reports/analytics/oee/	scoped	200	object	-	200	object	-	200	object	-
/production-execution/reports/analytics/plan-vs-production/	scoped	200	object	-	200	object	-	200	object	-
/production-execution/reports/analytics/procurement-vs-planned/	-	400	-	-	400	-	-	400	-	-
/production-execution/reports/analytics/resource-consumption/	scoped	200	object	-	200	object	-	200	object	-
/production-execution/reports/analytics/waste-trend/	scoped	200	object	-	200	object	-	200	object	-
/production-execution/reports/analytics/waste/	scoped	200	object	-	200	object	-	200	object	-
/production-execution/reports/daily-production/	-	400	-	-	400	-	-	400	-	-
/production-execution/reports/line-clearance/	scoped	200	list	>=0	200	list	>=30	200	list	>=2
/production-execution/reports/production-movement/	scoped	200	object	-	200	object	-	200	object	-
/production-execution/reports/production-movement/filter-options/	scoped	200	object	-	200	object	-	200	object	-
/production-execution/runs/	scoped	200	list	>=0	200	list	>=42	200	list	>=3
/production-execution/sap/bom/	-	400	-	-	400	-	-	400	-	-
/production-execution/sap/items/	SHARED	200	list	>=0	200	list	>=0	200	list	>=0
/production-execution/sap/orders/	scoped	200	list	>=0	200	list	>=31	200	list	>=31
/production-execution/waste/	scoped	200	list	>=0	200	list	>=1	200	list	>=0
/production-planning/	-	404	-	-	404	-	-	404	-	-
/production-planning/daily-entries/	-	404	-	-	404	-	-	404	-	-
/production-planning/dropdown/bom/	-	404	-	-	404	-	-	404	-	-
/production-planning/dropdown/items/	-	404	-	-	404	-	-	404	-	-
/production-planning/dropdown/uom/	-	404	-	-	404	-	-	404	-	-
/production-planning/dropdown/warehouses/	-	404	-	-	404	-	-	404	-	-
/production-planning/summary/	-	404	-	-	404	-	-	404	-	-
/quality-control/arrival-slips/	scoped	200	list	>=8	200	list	>=1016	200	list	>=82
/quality-control/inspections/	scoped	200	list	>=8	200	list	>=976	200	list	>=70
/quality-control/inspections/actionable/	scoped	200	list	>=8	200	list	>=6	200	list	>=0
/quality-control/inspections/awaiting-chemist/	SHARED	200	list	>=0	200	list	>=0	200	list	>=0
/quality-control/inspections/awaiting-qam/	SHARED	200	list	>=0	200	list	>=0	200	list	>=0
/quality-control/inspections/completed/	scoped	200	list	>=0	200	list	>=938	200	list	>=70
/quality-control/inspections/counts/	scoped	200	object	-	200	object	-	200	object	-
/quality-control/inspections/draft/	scoped	200	list	>=0	200	list	>=2	200	list	>=0
/quality-control/inspections/pending/	scoped	200	list	>=8	200	list	>=4	200	list	>=0
/quality-control/inspections/rejected/	scoped	200	list	>=0	200	list	>=46	200	list	>=0
/quality-control/inspections/return-to-vendor/	scoped	200	list	>=0	200	list	>=46	200	list	>=0
/quality-control/material-types/	scoped	200	list	>=0	200	list	>=163	200	list	>=23
/quality-control/material-types/link-sap-item/	-	405	-	-	405	-	-	405	-	-
/quality-control/print-documents/	SHARED	200	list	>=0	200	list	>=0	200	list	>=0
/quality-control/production-qc/	scoped	200	list	>=0	200	list	>=1	200	list	>=0
/quality-control/production-qc/counts/	scoped	200	object	-	200	object	-	200	object	-
/quality-control/production-qc/pending/	SHARED	200	list	>=0	200	list	>=0	200	list	>=0
/quality-control/sap-items/	SHARED	200	list	>=0	200	list	>=0	200	list	>=0
/sap/plan-dashboard/details/	scoped	200	object	-	200	object	-	200	object	-
/sap/plan-dashboard/procurement/	scoped	200	object	-	200	object	-	200	object	-
/sap/plan-dashboard/summary/	scoped	200	object	-	200	object	-	200	object	-
/vehicle-management/transporters/	SHARED	200	list	>=103	200	list	>=103	200	list	>=103
/vehicle-management/transporters/names/	SHARED	200	list	>=103	200	list	>=103	200	list	>=103
/vehicle-management/vehicle-entries/	-	400	-	-	400	-	-	400	-	-
/vehicle-management/vehicle-entries/count/	-	400	-	-	400	-	-	400	-	-
/vehicle-management/vehicle-entries/list-by-status/	-	400	-	-	400	-	-	400	-	-
/vehicle-management/vehicle-types/	SHARED	200	list	>=7	200	list	>=7	200	list	>=7
/vehicle-management/vehicles/	SHARED	200	list	>=458	200	list	>=458	200	list	>=458
/vehicle-management/vehicles/names/	SHARED	200	list	>=458	200	list	>=458	200	list	>=458
/warehouse/bom-requests/	scoped	200	list	>=0	200	list	>=27	200	list	>=0
/warehouse/fg-receipts/	scoped	200	list	>=0	200	list	>=3	200	list	>=0
/warehouse/stock/check/	-	405	-	-	405	-	-	405	-	-
/warehouse/wms/batches/expiry/	scoped	200	object	-	200	object	-	200	object	-
/warehouse/wms/billing/overview/	scoped	200	object	-	200	object	-	200	object	-
/warehouse/wms/dashboard/	scoped	200	object	-	200	object	-	200	object	-
/warehouse/wms/item-groups/	scoped	200	object	-	200	object	-	200	object	-
/warehouse/wms/sales-orders/backlog/	scoped	200	object	-	200	object	-	200	object	-
/warehouse/wms/stock/movements/	scoped	200	object	-	200	object	-	200	object	-
/warehouse/wms/stock/overview/	scoped	200	object	-	200	object	-	200	object	-
/warehouse/wms/transfers/overview/	scoped	200	object	-	200	object	-	200	object	-
/warehouse/wms/warehouses/	scoped	200	object	-	200	object	-	200	object	-
/warehouse/wms/warehouses/summary/	scoped	200	object	-	200	object	-	200	object	-
