WRITE	GGV	qr	https://business.tankhapay.com/api/AddCatagoryDocumentName
WRITE	r0Q	lp	https://business.tankhapay.com/api/AddEditDisciplinaryAction
WRITE	FlQ	os	https://business.tankhapay.com/api/AddEditDocument
WRITE	Idh	qf	https://business.tankhapay.com/api/AddEditExitDetails
WRITE	zCz	op	https://business.tankhapay.com/api/AddEditForm16
WRITE	izn	Ye	https://business.tankhapay.com/api/AddEditRewards
WRITE	cZ5	Cl	https://business.tankhapay.com/api/AddNewCatagory
WRITE	rFE	Gr	https://business.tankhapay.com/api/Business/DisableStatutoryCompliance
READ	Svk	Oi	https://business.tankhapay.com/api/Business/GetCustomerInvoiceDetails
READ	N0h	ai	https://business.tankhapay.com/api/Business/GetEmployerSocialSecurityDetails
READ	Mtm	qn	https://business.tankhapay.com/api/Business/GetGeoFencing
READ	Tdh	wr	https://business.tankhapay.com/api/Business/GetGeoFencingForParticularId
WRITE	vUu	ir	https://business.tankhapay.com/api/Business/SaveGeoFencing
WRITE	mBb	Yo	https://business.tankhapay.com/api/Business/UpdateEmployerEpfDetails
WRITE	sbN	Zr	https://business.tankhapay.com/api/Business/UpdateEmployerEsiDetails
WRITE	azA	Hc	https://business.tankhapay.com/api/Business/sendLetterMail
WRITE	Ar1	Pp	https://business.tankhapay.com/api/Business/sendLetterMail2
WRITE	cZ7	Tt	https://business.tankhapay.com/api/Business/updateEmployeeOuIds
WRITE	LHs	tr	https://business.tankhapay.com/api/Business/updateEmployeesGeoFenceIds
WRITE	JxM	Vs	https://business.tankhapay.com/api/ChangeDocumentStatusAcceptReject
WRITE	r3g	Li	https://business.tankhapay.com/api/Consultant/AddEditConsultantPayoutDetails
WRITE	eMD	ji	https://business.tankhapay.com/api/Consultant/ConsultantPayout
WRITE	kiI	ts	https://business.tankhapay.com/api/Consultant/DeleteConsultantPayoutRecord
WRITE	A1f	er	https://business.tankhapay.com/api/Consultant/GetConsultantPayoutDetails
WRITE	n3j	hs	https://business.tankhapay.com/api/DearnessAllowance/SaveDearnessAllowanceData
WRITE	d4	gi	https://business.tankhapay.com/api/DeleteDisciplinaryAction
WRITE	ldo	Ml	https://business.tankhapay.com/api/DeleteRewardDetails
WRITE	Iqg	Ia	https://business.tankhapay.com/api/EditDisciplinaryAction
WRITE	zt_	Kt	https://business.tankhapay.com/api/EditRewards
WRITE	rRR	sa	https://business.tankhapay.com/api/EnableDisableCatagoryDocument
WRITE	HLH	Ea	https://business.tankhapay.com/api/FaceApi/markAttendance
WRITE	R9p	Ji	https://business.tankhapay.com/api/FaceApi/registerFace
READ	Drg	ks	https://business.tankhapay.com/api/GetCandidateDocumentMasterDetails
READ	oPt	_o	https://business.tankhapay.com/api/GetDocumentMasterDetails
READ	Drd	Jf	https://business.tankhapay.com/api/GetExitDetails
READ	YYn	ip	https://business.tankhapay.com/api/GetForm16Details
READ	T12	Oc	https://business.tankhapay.com/api/GetReasonsOfLeaving
READ	vXi	Vi	https://business.tankhapay.com/api/GetServiceBookDetails
WRITE	q9p	Pe	https://business.tankhapay.com/api/JusPaymanageCard
READ	Bxf	ei	https://business.tankhapay.com/api/MasterApi/GetMaster
WRITE	oY$	xo	https://business.tankhapay.com/api/NotificationApi/AddEditPushNotifications
WRITE	vwd	Ri	https://business.tankhapay.com/api/NotificationApi/ChangeApprovalStatusForCampaign
READ	P0	Fi	https://business.tankhapay.com/api/NotificationApi/GetAudienceList
READ	ari	Ki	https://business.tankhapay.com/api/NotificationApi/GetCampaignsDetails
READ	IGh	al	https://business.tankhapay.com/api/NotificationApi/GetTargetAudience
READ	A_c	ds	https://business.tankhapay.com/api/NotificationApi/GetUniqueCampaignDetails
READ	PNJ	_i	https://business.tankhapay.com/api/NotificationApi/getTpAlertsByDateFilter
UNKNOWN	En8	fl	https://business.tankhapay.com/api/ReimbursementClaims/ManageReimbursementClaim
READ	$hc	ih	https://business.tankhapay.com/api/Report/CloseFinancialYear
READ	hdb	co	https://business.tankhapay.com/api/Report/DisbursmentReportApi
READ	ely	Pt	https://business.tankhapay.com/api/Report/DisplayepfecrreportMonthWiseApi
READ	NzA	Xn	https://business.tankhapay.com/api/Report/DisplayesicecrreportMonthWiseApi
READ	IyD	Jn	https://business.tankhapay.com/api/Report/DisplaylwfecrreportMonthWiseApi
READ	SKK	Mi	https://business.tankhapay.com/api/Report/DownloadCompilanceReport
READ	I0y	Cr	https://business.tankhapay.com/api/Report/EmployeesPaySummary
READ	lkP	Ol	https://business.tankhapay.com/api/Report/ExpenseReportBusiness
READ	Zt	On	https://business.tankhapay.com/api/Report/FetchBankReportApi
READ	$gy	im	https://business.tankhapay.com/api/Report/GetActiveFinancialYearsToClose
READ	K5L	qt	https://business.tankhapay.com/api/Report/GetDetailedLiabilityReportByEmpCode
READ	czh	ee	https://business.tankhapay.com/api/Report/GetInvestmentDeclarationDate
READ	xzm	ue	https://business.tankhapay.com/api/Report/GetInvestmentDeclarationDateForEmployee
READ	ZG$	Ao	https://business.tankhapay.com/api/Report/GetInvestmentsProofDetails
READ	NaD	Zf	https://business.tankhapay.com/api/Report/GetLoanReport
READ	LP3	El	https://business.tankhapay.com/api/Report/GetMaster_Dropdown
READ	KvD	la	https://business.tankhapay.com/api/Report/GetReportFields
READ	HRM	yt	https://business.tankhapay.com/api/Report/GetTaxProjectionApi
READ	Ki	Xs	https://business.tankhapay.com/api/Report/GetTpCheckInOutReportByRepoManager
READ	qM6	ht	https://business.tankhapay.com/api/Report/GetTpCheckInOutSummary
READ	lFl	Fn	https://business.tankhapay.com/api/Report/InvestmentReportResultApi
READ	uYo	Mr	https://business.tankhapay.com/api/Report/LiabilityReportApi
READ	KAD	Vr	https://business.tankhapay.com/api/Report/PrepayoutReportApi
READ	Rtf	Xo	https://business.tankhapay.com/api/Report/SalarySlip
READ	VYE	Zt	https://business.tankhapay.com/api/Report/SalaryVerificationViewApi
READ	JO5	xe	https://business.tankhapay.com/api/Report/SaveInvestmentDeclarationDate
READ	R3M	V	https://business.tankhapay.com/api/Report/SaveInvestmentDeclarationDateForIndividualEmp
READ	A9Z	Cp	https://business.tankhapay.com/api/Report/SubmitBiometricForBusiness
READ	tGb	Og	https://business.tankhapay.com/api/Report/SubmitBiometricForBusiness_bulk
READ	sel	ml	https://business.tankhapay.com/api/Report/SubmitEsicForBusiness
READ	ICg	na	https://business.tankhapay.com/api/Report/SubmitUanForBusiness
READ	Tyc	rm	https://business.tankhapay.com/api/Report/TaxSummaryResultApi
READ	rgZ	et	https://business.tankhapay.com/api/Report/VerifyInvestmentProofDetails
READ	ODH	eu	https://business.tankhapay.com/api/Report/ac21Report
READ	Xzz	qi	https://business.tankhapay.com/api/Report/complianceFlagReportForBusiness
READ	kKZ	ca	https://business.tankhapay.com/api/Report/daywisecheckcheckinReport
READ	V4b	lo	https://business.tankhapay.com/api/Report/deleteLiabilityReportApi
READ	zXj	lh	https://business.tankhapay.com/api/Report/disburseLiability
READ	_p3	Fg	https://business.tankhapay.com/api/Report/getBiometricEmployeeForBusiness
READ	WUR	um	https://business.tankhapay.com/api/Report/getDetailedLiabilityReportAllEmployees
READ	Geb	Dt	https://business.tankhapay.com/api/Report/getMonthWiseOnboardingDetails
READ	cAL	qc	https://business.tankhapay.com/api/Report/getPdfBtyeCode 
READ	bo8	gg	https://business.tankhapay.com/api/Report/getPdfBtyeCodePortrait 
READ	bPc	Al	https://business.tankhapay.com/api/Report/getSalarySlipURL
READ	kyY	vt	https://business.tankhapay.com/api/Report/get_biometric_attendance_details
READ	uxA	oc	https://business.tankhapay.com/api/Report/get_hourly_summary_report
READ	GP1	Ma	https://business.tankhapay.com/api/Report/get_rembursement_report_data
READ	QZA	ka	https://business.tankhapay.com/api/Report/incrementReportBusiness
READ	_4V	Od	https://business.tankhapay.com/api/Report/liabilityReportCombined
READ	XLT	Br	https://business.tankhapay.com/api/Report/manage_biometric_att
READ	pV_	oi	https://business.tankhapay.com/api/Report/reprocess_today_checkinout
READ	f0r	Rl	https://business.tankhapay.com/api/Report/sendSalaryPdf
WRITE	Om4	Rd	https://business.tankhapay.com/api/TPBusinessAPI/AddEditForm16ByPanCard
UNKNOWN	Ajx	Hs	https://business.tankhapay.com/api/TPSalaryBusiness/TaxCalculator
READ	uZj	Er	https://business.tankhapay.com/api/TpAlertsApi/getTpAlerts 
WRITE	t8c	kl	https://business.tankhapay.com/api/TpBusinessAPI/approveRejectMissedPunchAttendance
READ	kXP	za	https://business.tankhapay.com/api/TpCandidate/getExitEmployeeList
WRITE	vPA	on	https://business.tankhapay.com/api/TpCandidateAPI/CustomerPayoutDetails
WRITE		t	https://business.tankhapay.com/api/TpCandidateAPI/CustomerPayoutSummary
READ	d6f	vr	https://business.tankhapay.com/api/TpCandidateAPI/GetTpVoucherDetails
WRITE	DuX	Xg	https://business.tankhapay.com/api/TpCandidateAPIController/syncBioMatricCheckInOutData
WRITE	fnB	Nl	https://business.tankhapay.com/api/TpCandidateCheckInOut/CalculateDeviationFines
WRITE	oKL	ys	https://business.tankhapay.com/api/TpCandidateCheckInOut/UpdateDeviationFines
WRITE	DGA	Md	https://business.tankhapay.com/api/TpCandidateDocumentAPI/assignDocumentToCandidate
WRITE	TR2	Da	https://business.tankhapay.com/api/TpHelpAndSupportApi/CreateTicketTrail
READ	BlE	hl	https://business.tankhapay.com/api/TpHelpAndSupportApi/GetTicketTrail
READ	MeX	pl	https://business.tankhapay.com/api/TpHelpAndSupportApi/GetTickets
WRITE	_cm	gl	https://business.tankhapay.com/api/TpHelpAndSupportApi/UpdateTicketstatus
READ	FSA	su	https://business.tankhapay.com/api/TpHelpAndSupportApi/getAllQueriesTickets
UNKNOWN	iYp	Id	https://business.tankhapay.com/api/TpHelpAndSupportApi/readTicketInternalDepartment
READ	YLX	Cs	https://business.tankhapay.com/api/TpInvestmentProofApi/GetViewInvestmentsProof
WRITE	T4F	Bl	https://business.tankhapay.com/api/TpInvestmentProofApi/Save80cComponents
WRITE	vSo	Cg	https://business.tankhapay.com/api/TpInvestmentProofApi/editProofDetails
WRITE	hg	bd	https://business.tankhapay.com/api/TpInvestmentProofApi/saveCH6ProofDetails
WRITE	TqL	Ba	https://business.tankhapay.com/api/TpInvestmentProofApi/saveHomeLoanDetails
WRITE	ljy	bs	https://business.tankhapay.com/api/TpInvestmentProofApi/saveHraProof
READ	yV3	Xi	https://business.tankhapay.com/api/TpLiveTrackingApi/GetEmployeeEventLiveTrackingDetails
READ	UuE	kt	https://business.tankhapay.com/api/TpTaxesApi/GetCustomerWiseEmployeeRegimeDetails
WRITE	fEF	gu	https://business.tankhapay.com/api/TpTaxesApi/SaveEmpInvestmentDeclaration
WRITE	t3E	Jc	https://business.tankhapay.com/api/TpTaxesApi/SaveEmpRegime
WRITE	Pd2	Hl	https://business.tankhapay.com/api/TpTaxesApi/SavePreviousIncomeDetail
WRITE	cWj	Kn	https://business.tankhapay.com/api/account/PaymentPerformaInvoice
READ	QET	hr	https://business.tankhapay.com/api/account/employer_latest_transaction
READ	ELU	F	https://business.tankhapay.com/api/account/getCustomerLedgerSummary
UNKNOWN	o3O	ce	https://business.tankhapay.com/api/admin/busSSOSignOn
WRITE	fjW	tl	https://business.tankhapay.com/api/allowanceBonus/SaveBonusVoucher
WRITE	Slh	nm	https://business.tankhapay.com/api/allowanceBonus/generateBonusVouchers
WRITE	n9O	rf	https://business.tankhapay.com/api/allowanceBonus/getAllowanceBonusAssignments
READ	QR5	eh	https://business.tankhapay.com/api/allowanceBonus/getAllowanceBonusRuleList
READ	JO7	tm	https://business.tankhapay.com/api/allowanceBonus/getEligibleEmployees
UNKNOWN	QlF	qp	https://business.tankhapay.com/api/allowanceBonus/manageAllowanceBonusRule
READ	jNV	Co	https://business.tankhapay.com/api/approval/CanditateDetailsForVoucher
WRITE	A$F	Qe	https://business.tankhapay.com/api/approval/DisburseVoucher
READ	f3h	ki	https://business.tankhapay.com/api/approval/GetAllReimbursementClaimsForEmployer
READ	$9i	Ln	https://business.tankhapay.com/api/approval/GetMasterLedgerName
READ	FV9	dr	https://business.tankhapay.com/api/approval/GetSubLedgerName
READ	Vhp	Nt	https://business.tankhapay.com/api/approval/GetTransactionType
READ	lio	Gn	https://business.tankhapay.com/api/approval/GetVoucherDetails
WRITE	OpJ	D	https://business.tankhapay.com/api/approval/RecordVoucherPayment
WRITE	M2l	_t	https://business.tankhapay.com/api/approval/RejectVoucher
WRITE	naR	an	https://business.tankhapay.com/api/approval/SaveAdvanceAndLoanVoucher
WRITE	l6u	tt	https://business.tankhapay.com/api/approval/SaveOtherLedgerCustomerSpecific
WRITE	wcL	wn	https://business.tankhapay.com/api/approval/SaveOtherLedgerName
WRITE	_8J	Mt	https://business.tankhapay.com/api/approval/SaveVoucher
READ	Mde	Ks	https://business.tankhapay.com/api/approval/get_latest_salary_period_by_account
WRITE	x7b	pa	https://business.tankhapay.com/api/approveRejectFaceRegister
WRITE	uET	ua	https://business.tankhapay.com/api/approveRejectLeave
READ	ce2	qe	https://business.tankhapay.com/api/attendance/CheckAdvanceForAssociate
WRITE	yOT	ft	https://business.tankhapay.com/api/attendance/SaveTpVoucher
WRITE	GDV	St	https://business.tankhapay.com/api/attendance/TpCheckInOut
WRITE	xy	nf	https://business.tankhapay.com/api/attendance/activePunchAttendanceByIds
WRITE	lH3	he	https://business.tankhapay.com/api/attendance/att_file_upload
WRITE	aNZ	Yc	https://business.tankhapay.com/api/attendance/bulkLedgerEntry
WRITE	H77	Yi	https://business.tankhapay.com/api/attendance/bulk_deduction_upload
READ	UQe	Su	https://business.tankhapay.com/api/attendance/check_expense_limit
WRITE	v3n	Ho	https://business.tankhapay.com/api/attendance/create_bulk_advice
WRITE	LRy	Bo	https://business.tankhapay.com/api/attendance/create_employee_shift_mapping
WRITE	S4G	us	https://business.tankhapay.com/api/attendance/create_general_settings
WRITE	uqy	Wr	https://business.tankhapay.com/api/attendance/create_new_break
WRITE	VuF	ui	https://business.tankhapay.com/api/attendance/create_new_shift
WRITE	POx	Ti	https://business.tankhapay.com/api/attendance/create_shift_rotation
WRITE	SyT	un	https://business.tankhapay.com/api/attendance/create_shift_specific_settings
WRITE	srY	te	https://business.tankhapay.com/api/attendance/deleteSingleConsolidatedAttendance
WRITE	y3L	Kc	https://business.tankhapay.com/api/attendance/delete_department
WRITE	P0E	Pl	https://business.tankhapay.com/api/attendance/delete_designation
WRITE	QlR	Tl	https://business.tankhapay.com/api/attendance/delete_orgunit
WRITE	g$O	cs	https://business.tankhapay.com/api/attendance/enable_disable_status
READ	DTb	Xc	https://business.tankhapay.com/api/attendance/fetchArearByMonthYearEmpCode
WRITE	sqJ	Cn	https://business.tankhapay.com/api/attendance/generate_payment_advice
WRITE	M1M	el	https://business.tankhapay.com/api/attendance/getAttendancePunchDetails
READ	b0f	qa	https://business.tankhapay.com/api/attendance/getEmployeePolicyDetails
READ	eAF	Fl	https://business.tankhapay.com/api/attendance/getEmployeesForLedger
READ	DVD	Ke	https://business.tankhapay.com/api/attendance/getEmployerMonthAttendance
READ	x_i	go	https://business.tankhapay.com/api/attendance/getEmployerMonthAttendance_for_excel
READ	jSM	_u	https://business.tankhapay.com/api/attendance/getEmployerTodayRequiredAttendance
READ	BEV	Il	https://business.tankhapay.com/api/attendance/getManualSalaryInfo
READ	FF_	N	https://business.tankhapay.com/api/attendance/getUnitConsolidatedAttendance
READ	r6z	M	https://business.tankhapay.com/api/attendance/getUnitTodayAttendance
WRITE	Bk4	Ut	https://business.tankhapay.com/api/attendance/get_approved_days
WRITE	npt	me	https://business.tankhapay.com/api/attendance/get_att_import_header
READ	r36	x	https://business.tankhapay.com/api/attendance/get_att_master_list
WRITE	g4k	jp	https://business.tankhapay.com/api/attendance/get_attendance_updateby_history
READ	cCs	Ir	https://business.tankhapay.com/api/attendance/get_break_details
READ	YxL	Te	https://business.tankhapay.com/api/attendance/get_calendar
READ	PLA	We	https://business.tankhapay.com/api/attendance/get_employer_today_attendance
READ	s9c	Ve	https://business.tankhapay.com/api/attendance/get_employer_today_attendance_new
READ	lXc	Pi	https://business.tankhapay.com/api/attendance/get_master_list
READ	hYn	qo	https://business.tankhapay.com/api/attendance/get_master_shift
WRITE	oD_	ra	https://business.tankhapay.com/api/attendance/get_missed_punch_att
READ	WsT	it	https://business.tankhapay.com/api/attendance/get_month_dates_days
READ		e	https://business.tankhapay.com/api/attendance/get_monthly_attendance
READ	IQo	Ii	https://business.tankhapay.com/api/attendance/get_shift_details
WRITE	gmn	kr	https://business.tankhapay.com/api/attendance/get_shift_specific_settings
READ	lTY	Ue	https://business.tankhapay.com/api/attendance/get_timesheet_data
UNKNOWN	mbP	tf	https://business.tankhapay.com/api/attendance/inactiveAttendanceByIds
WRITE	pbu	ic	https://business.tankhapay.com/api/attendance/kafka_reProcessEmployeeAttendance
UNKNOWN	zng	Hi	https://business.tankhapay.com/api/attendance/manageAdvices
WRITE	Dn6	ga	https://business.tankhapay.com/api/attendance/manageBulkAdvices
READ	RWi	xs	https://business.tankhapay.com/api/attendance/manageDeviationSalaryDetails
WRITE	vKS	fi	https://business.tankhapay.com/api/attendance/manage_missed_punch_att
UNKNOWN	ANM	ke	https://business.tankhapay.com/api/attendance/manage_timesheet_data
WRITE	ybw	hu	https://business.tankhapay.com/api/attendance/reProcessEmployeeAttendance
WRITE		d	https://business.tankhapay.com/api/attendance/reProcessEmployeeAttendanceAdvance
WRITE	ALM	_s	https://business.tankhapay.com/api/attendance/rejectManualSalary
WRITE	FbG	uu	https://business.tankhapay.com/api/attendance/saveBulkDeviationSalaryDetails
WRITE	KDr	cu	https://business.tankhapay.com/api/attendance/saveBulkManualSalaryInfo
WRITE	ak	_l	https://business.tankhapay.com/api/attendance/saveEditOtRules
WRITE	sEp	js	https://business.tankhapay.com/api/attendance/saveManualSalaryInfo
WRITE	sZs	se	https://business.tankhapay.com/api/attendance/saveUnitConsolidatedAttendance
WRITE	SFr	lr	https://business.tankhapay.com/api/attendance/saveUpdateOtrule
WRITE	xvW	rt	https://business.tankhapay.com/api/attendance/save_excel_bulk_att
WRITE	_TN	En	https://business.tankhapay.com/api/attendance/save_excel_bulk_att_new
WRITE	s_g	ze	https://business.tankhapay.com/api/attendance/save_monthly_attendance
WRITE	fA_	sm	https://business.tankhapay.com/api/attendance/save_monthly_attendance_bulk
WRITE	_HW	Ps	https://business.tankhapay.com/api/attendance/save_onduty_settings
READ	JuF	Qf	https://business.tankhapay.com/api/attendance/tea_allowance_rate
WRITE	oBv	en	https://business.tankhapay.com/api/attendance/updateDeleteCheckIn
WRITE	n33	wl	https://business.tankhapay.com/api/attendance/updateManualTDS
WRITE	zsB	yd	https://business.tankhapay.com/api/attendance/verifyArrear
READ	fob	eo	https://business.tankhapay.com/api/attendance/viewArrearDetails
WRITE	q3s	du	https://business.tankhapay.com/api/budget/addUpdateBudget
WRITE	oAK	fu	https://business.tankhapay.com/api/budget/insertBudgetDetail
UNKNOWN	Tek	hp	https://business.tankhapay.com/api/businessEmployeeSSOLogin
WRITE	s3F	Za	https://business.tankhapay.com/api/call_sync_attn_data
WRITE	c9s	ge	https://business.tankhapay.com/api/changepassword
READ	MPh	Wp	https://business.tankhapay.com/api/contractLabor/getContractorDailyLabourEntry
READ	ybn	W_	https://business.tankhapay.com/api/contractLabor/getContractorDashboard
READ	ETG	nr	https://business.tankhapay.com/api/contractLabor/getContractorDashboardApprovalWorkflow
READ	dfC	p	https://business.tankhapay.com/api/contractLabor/getLabourDetails
READ	Hcx	Qd	https://business.tankhapay.com/api/contractLabor/getMasterDataNode
UNKNOWN	bq_	Up	https://business.tankhapay.com/api/contractLabor/manageContractor
UNKNOWN	krH	Ya	https://business.tankhapay.com/api/contractLabor/manageContractorApproval
UNKNOWN	tsm	wu	https://business.tankhapay.com/api/contractLabor/manageContractorDailyLabourEntry
READ	vpL	jr	https://business.tankhapay.com/api/contractLabor/manageContractorStatus
UNKNOWN	CPM	Hp	https://business.tankhapay.com/api/contractLabor/manageLabourRates
UNKNOWN	bWK	lc	https://business.tankhapay.com/api/contractLabor/manageLabourType
READ	MQk	no	https://business.tankhapay.com/api/dashboard/enable_desable_alert
READ	q4X	Zn	https://business.tankhapay.com/api/dashboard/get_alert_type_master
READ	q$S	Lo	https://business.tankhapay.com/api/dashboard/get_alerts_list
READ	mLJ	ti	https://business.tankhapay.com/api/dashboard/get_employees_count_details
READ	hrX	Ht	https://business.tankhapay.com/api/dashboard/get_today_attendence_reports
READ	hLZ	ct	https://business.tankhapay.com/api/dashboard/get_tpay_dashboard_data
READ	s9V	zs	https://business.tankhapay.com/api/dashboard/insert_birthday_wishes
READ	ou$	X_	https://business.tankhapay.com/api/dashboard/insert_workanniversary_wishes
READ	i15	am	https://business.tankhapay.com/api/dashboard/send_wishes_email
WRITE	YMF	qg	https://business.tankhapay.com/api/device/get_biometric_punch_config
READ	HUE	re	https://business.tankhapay.com/api/device/get_business_device
WRITE	YdN	je	https://business.tankhapay.com/api/device/insert_business_device
WRITE	Tjo	Zp	https://business.tankhapay.com/api/device/manage_biometric_punch_config
UNKNOWN	A4I	It	https://business.tankhapay.com/api/device/manage_business_device
WRITE	S8r	K_	https://business.tankhapay.com/api/device/remove_biometric_punch_config
WRITE	MVw	He	https://business.tankhapay.com/api/device/update_business_device_by_id
WRITE	iTx	hc	https://business.tankhapay.com/api/dinventory/assignDInventoryReportingManager
UNKNOWN	ywD	ne	https://business.tankhapay.com/api/direct_login
WRITE	Ohc	Gd	https://business.tankhapay.com/api/emailTemplates/generate_email_template_ai
READ	lDP	Wa	https://business.tankhapay.com/api/emailTemplates/getAllNotificationsWrapper
READ	t1E	Wd	https://business.tankhapay.com/api/emailTemplates/getNotificationMasterWrapper
WRITE	Kwm	Ja	https://business.tankhapay.com/api/emailTemplates/getWorkflowApproverEmailsWrapper
UNKNOWN	lHh	Hd	https://business.tankhapay.com/api/emailTemplates/manage_notification_wrapper
WRITE	yC	Yg	https://business.tankhapay.com/api/emailTemplates/sendReportsMail
UNKNOWN	DUy	z	https://business.tankhapay.com/api/employee
WRITE	Gwv	yg	https://business.tankhapay.com/api/employee/AddCandidateLetters
UNKNOWN	$xX	Qt	https://business.tankhapay.com/api/employee/CalcTPSalaryStructure
READ	k0E	xr	https://business.tankhapay.com/api/employee/GetStateProfessionalTax
READ	Oy$	pt	https://business.tankhapay.com/api/employee/GetTPSalaryStructure
WRITE	By_	Fd	https://business.tankhapay.com/api/employee/SaveBulkPreparedSalary
WRITE	DbB	mr	https://business.tankhapay.com/api/employee/SaveTpCandidateSalary
UNKNOWN	v_4	zt	https://business.tankhapay.com/api/employee/SetTpCandidateRestructureMode
WRITE	zPw	Sr	https://business.tankhapay.com/api/employee/UpdateStatutoryCompliances
WRITE	zrI	Nc	https://business.tankhapay.com/api/employee/addEditLetterCateogory
WRITE	OOF	Eo	https://business.tankhapay.com/api/employee/addEditTemplate
UNKNOWN	oZB	jn	https://business.tankhapay.com/api/employee/calculateCandidateSalary
UNKNOWN	kEK	Yf	https://business.tankhapay.com/api/employee/calculateCandidateSalaryForExcel
READ		n	https://business.tankhapay.com/api/employee/checkKYCnum
READ	Ga3	ur	https://business.tankhapay.com/api/employee/checkUniqueDetails
READ	xbO	ms	https://business.tankhapay.com/api/employee/checkUniqueForActiveEmp
WRITE	PkS	ls	https://business.tankhapay.com/api/employee/createCustomSalaryStructure
WRITE	B15	Gl	https://business.tankhapay.com/api/employee/createSupportRequest
WRITE	Z79	Ga	https://business.tankhapay.com/api/employee/createTicket
WRITE	yCH	Bc	https://business.tankhapay.com/api/employee/deleteLetterCtg
WRITE	y0V	ch	https://business.tankhapay.com/api/employee/deleteMasterTemplate
READ	X6j	ep	https://business.tankhapay.com/api/employee/educationDetails
READ	vfc	Se	https://business.tankhapay.com/api/employee/employeeby_jsid
READ	V$e	Fc	https://business.tankhapay.com/api/employee/familyDetails
READ	AKz	Ee	https://business.tankhapay.com/api/employee/fetchEmployeesFromAPI
WRITE	Yhl	uh	https://business.tankhapay.com/api/employee/generateAndUploadDocxPdf
WRITE	aQV	pc	https://business.tankhapay.com/api/employee/generateDocxPdfPreview
WRITE	$oY	dm	https://business.tankhapay.com/api/employee/generateOnlyOfficeToken
WRITE	IMt	lf	https://business.tankhapay.com/api/employee/generateReviewDocx
READ	Agd	Io	https://business.tankhapay.com/api/employee/getAppointeeDetails
READ	qsx	vi	https://business.tankhapay.com/api/employee/getCandidateDetails
READ	Rx6	Po	https://business.tankhapay.com/api/employee/getCandidatesWhoseSalarySetupIsPending
READ	XbD	we	https://business.tankhapay.com/api/employee/getCustomerEmployeeDetails
READ	ylk	kp	https://business.tankhapay.com/api/employee/getDepWiseOTReport
READ	UY6	Dr	https://business.tankhapay.com/api/employee/getEmployeeProfile
READ	Mlx	At	https://business.tankhapay.com/api/employee/getEmployerEmployeeFromApi
READ	Bj4	wt	https://business.tankhapay.com/api/employee/getEmployerOUorGeoFenceDetails
READ	fqh	zi	https://business.tankhapay.com/api/employee/getLWFRateByStateCode
READ	PGn	kc	https://business.tankhapay.com/api/employee/getLetterTemplateCategories
READ	OTY	xl	https://business.tankhapay.com/api/employee/getLetterTemplateId
READ	jWL	rs	https://business.tankhapay.com/api/employee/getMasterFieldsForTemplateType
READ	APC	pd	https://business.tankhapay.com/api/employee/getMasterLetters
READ	OVw	cl	https://business.tankhapay.com/api/employee/getMasterSalaryStructure
READ	s57	Vt	https://business.tankhapay.com/api/employee/getMasterTDS
READ	Ur5	xu	https://business.tankhapay.com/api/employee/getMaxEmpLimitByDep
READ	Qrb	qs	https://business.tankhapay.com/api/employee/getMinWageDays
READ	EfQ	uo	https://business.tankhapay.com/api/employee/getSalaryStructure
READ	Vzw	Va	https://business.tankhapay.com/api/employee/getTicketMaster
READ	kL9	Dn	https://business.tankhapay.com/api/employee/getTpCandidateDetails
READ	$zH	bn	https://business.tankhapay.com/api/employee/getTpMinMaxPerDayWages
WRITE	o5z	Jr	https://business.tankhapay.com/api/employee/getUpdateData
READ	SBu	up	https://business.tankhapay.com/api/employee/get_dashboard_notifications_data
WRITE	dHd	Di	https://business.tankhapay.com/api/employee/get_mst_business_setup
WRITE	frq	li	https://business.tankhapay.com/api/employee/get_mst_business_setup_dynamic
READ	B0s	Eg	https://business.tankhapay.com/api/employee/getuserIdcardWeb
WRITE	jIg	mn	https://business.tankhapay.com/api/employee/insert_profile_photo
UNKNOWN	dEj	Qr	https://business.tankhapay.com/api/employee/joinTpAttendanceCandidate
UNKNOWN	yG4	ha	https://business.tankhapay.com/api/employee/lockUnlockAdvice
UNKNOWN	kAL	aa	https://business.tankhapay.com/api/employee/manageCandidateAppointmentLetter
UNKNOWN	$VU	dc	https://business.tankhapay.com/api/employee/manageOrgEmpCodeDelhivery
READ	Eu8	sc	https://business.tankhapay.com/api/employee/manageTemplateRefNo
READ	njx	Ed	https://business.tankhapay.com/api/employee/manage_dashboard_notifications_data
WRITE	OGA	ja	https://business.tankhapay.com/api/employee/manage_payout_ticketing_workflow
UNKNOWN	lwD	Ei	https://business.tankhapay.com/api/employee/manage_salary_structure
WRITE	cL$	ut	https://business.tankhapay.com/api/employee/remove_employee
UNKNOWN	SuM	Ko	https://business.tankhapay.com/api/employee/rollback_employee_relieving
UNKNOWN	AAU	Hg	https://business.tankhapay.com/api/employee/rollback_tp_employee_relieving_crm
WRITE	E65	Bi	https://business.tankhapay.com/api/employee/saveConsultantSalarySetup
WRITE	SgP	ci	https://business.tankhapay.com/api/employee/saveCustomSalaryStructure
WRITE	J78	Ze	https://business.tankhapay.com/api/employee/save_profile_photo
UNKNOWN	Mw8	fo	https://business.tankhapay.com/api/employee/setupSalary
WRITE	ib$	Pr	https://business.tankhapay.com/api/employee/syncEmployeeDetails
READ	Jiq	np	https://business.tankhapay.com/api/employee/trainingDetails
WRITE	xrq	hm	https://business.tankhapay.com/api/employee/updateAadharDetails
WRITE	UMd	mi	https://business.tankhapay.com/api/employee/updateActiveEmployeeDetails
WRITE	V8U	r	https://business.tankhapay.com/api/employee/updateAttendanceEmployeeDetails
WRITE	da6	Hn	https://business.tankhapay.com/api/employee/updateEmpDetailsOnCRM
WRITE	Wy5	pr	https://business.tankhapay.com/api/employee/updateEmployeeDetails
WRITE	cBO	Nr	https://business.tankhapay.com/api/employee/updateEmployeeDetailsThroughApiProcess
WRITE	c$C	nt	https://business.tankhapay.com/api/employee/updateEmployeeStatus
WRITE	SMq	Ni	https://business.tankhapay.com/api/employee/updateJoiningStatus
WRITE	HhL	oa	https://business.tankhapay.com/api/employee/updateSalaryDaysOrDailyAllowanceRate
WRITE	tbX	nn	https://business.tankhapay.com/api/employee/updateSyncStatus
WRITE	Cdz	gp	https://business.tankhapay.com/api/employee/updateTDSExemption
WRITE	w4B	yr	https://business.tankhapay.com/api/employee/updateTpBankDetails
WRITE	SJQ	zn	https://business.tankhapay.com/api/employee/updateTpBasicDetails
WRITE	n_v	Xt	https://business.tankhapay.com/api/employee/updateTpKycDetails
UNKNOWN	RdO	Qi	https://business.tankhapay.com/api/employee/uspccalcgrossfromctc
UNKNOWN	LYe	ul	https://business.tankhapay.com/api/employee/uspccalcgrossfromctc_withoutconveyance
WRITE	MW3	Tn	https://business.tankhapay.com/api/employee/verify_emp_mobile
UNKNOWN	uNb	tp	https://business.tankhapay.com/api/employee/workExperience
UNKNOWN	bfV	Ll	https://business.tankhapay.com/api/employeeLoginByMob
WRITE	V2E	ia	https://business.tankhapay.com/api/employer/CheckPayrollRunStatus
WRITE	XkN	Bn	https://business.tankhapay.com/api/employer/file_upload
READ	Pvt	sn	https://business.tankhapay.com/api/employer/getEmployerProfile
WRITE	fD8	Do	https://business.tankhapay.com/api/employer/getEmployerProfile_allAddress
READ	vx	zc	https://business.tankhapay.com/api/employer/getSwitchEmployerProfileData
WRITE	jX4	gn	https://business.tankhapay.com/api/employer/profilePhotoUpload
WRITE	XcD	hn	https://business.tankhapay.com/api/employer/saveLeaveTemplate
WRITE	Fr	Wc	https://business.tankhapay.com/api/employer/setDefaultBillingAddress
WRITE	TBK	Wo	https://business.tankhapay.com/api/employer/signature_img_upload
WRITE	KAZ	cn	https://business.tankhapay.com/api/employer/updateEmployerProfile
WRITE	Uiv	dp	https://business.tankhapay.com/api/employer/uploadBirthdayImg
WRITE	XFf	Ra	https://business.tankhapay.com/api/enable_desable_remove_work_flow
WRITE	bvj	Au	https://business.tankhapay.com/api/exitProcess/getExitFormMaster
WRITE	WqT	Xd	https://business.tankhapay.com/api/exitProcess/getFullAndFinalDetailsWrapper
WRITE	Aat	Kp	https://business.tankhapay.com/api/exitProcess/lock_and_upload_document
WRITE	FjJ	Ka	https://business.tankhapay.com/api/exitProcess/reject_fnfSettlementData_wrapper
WRITE	Mu4	Vp	https://business.tankhapay.com/api/exitProcess/relieve_employee_and_change_flag
WRITE	OBU	ef	https://business.tankhapay.com/api/exitProcess/revertEmployeeExitProcess
WRITE	O1K	Xp	https://business.tankhapay.com/api/exitProcess/saveExitFormMaster
WRITE	drL	Yd	https://business.tankhapay.com/api/exitProcess/save_fnfSettlementData_wrapper
READ	zLA	Fa	https://business.tankhapay.com/api/fetchAttendancefromClient
UNKNOWN	kX2	Bt	https://business.tankhapay.com/api/forgot_password
WRITE	w2H	vn	https://business.tankhapay.com/api/forgotpassword_send_sms
WRITE	MX2	Bg	https://business.tankhapay.com/api/formbuilder/create_formbuilder_wrapper
READ	DBD	Lg	https://business.tankhapay.com/api/formbuilder/getFormBuilderWrapper
READ	zgZ	em	https://business.tankhapay.com/api/formbuilder/getFormBuilderWrapper_public
READ	dHp	z_	https://business.tankhapay.com/api/formbuilder/getFormFieldsWrapper
READ	df$	jg	https://business.tankhapay.com/api/formbuilder/getMasterFieldListWrapper
READ		g	https://business.tankhapay.com/api/formbuilder/getPendingWorkflowRequestsWrapper
READ	azm	ma	https://business.tankhapay.com/api/formbuilder/getPreviewListWrapper
UNKNOWN	NUi	Yp	https://business.tankhapay.com/api/formbuilder/publish_form
WRITE	jt1	Ug	https://business.tankhapay.com/api/formbuilder/save_formPreview_wrapper
WRITE	qAY	Vg	https://business.tankhapay.com/api/formbuilder/save_formbuilder_wrapper
WRITE	tlj	Ud	https://business.tankhapay.com/api/formbuilder/updateWorkflowRequestWrapper
WRITE	dWj	ac	https://business.tankhapay.com/api/formbuilder/update_notify_status_wrapper
READ	kRK	Qc	https://business.tankhapay.com/api/getApprovalRequestByActionType
READ	S9i	Dg	https://business.tankhapay.com/api/getAttendancePunchData
READ	iHl	Pg	https://business.tankhapay.com/api/getCheckinCheckoutReport
READ	IeE	tu	https://business.tankhapay.com/api/getEmployeeMenu
READ	AyR	Go	https://business.tankhapay.com/api/getExitReasonMaster
READ	bar	Cd	https://business.tankhapay.com/api/getMasterListingOfApproval
READ	sfj	zr	https://business.tankhapay.com/api/getPayoutTransactionsDetails
READ	c0W	jt	https://business.tankhapay.com/api/get_Last_sync_stataus
READ	NVC	Ot	https://business.tankhapay.com/api/get_area_of_work
READ	X5s	sp	https://business.tankhapay.com/api/get_asset_master
READ	v$B	hi	https://business.tankhapay.com/api/get_asset_report
READ	TId	Yt	https://business.tankhapay.com/api/get_assets
READ	ba8	yp	https://business.tankhapay.com/api/get_custom_month_attendance
READ	Fg1	Aa	https://business.tankhapay.com/api/get_dashboard_setting_data
READ	TdN	To	https://business.tankhapay.com/api/get_dashboard_status
READ	WIc	Lp	https://business.tankhapay.com/api/get_emp_approval_hierarchy
READ	OJN	vp	https://business.tankhapay.com/api/get_emp_approval_list_data
READ	v0S	Sp	https://business.tankhapay.com/api/get_month_dates_days_for_date_range
READ	JBX	Wg	https://business.tankhapay.com/api/get_process_biomatric_data
READ	IVe	nc	https://business.tankhapay.com/api/get_tds_report_data
WRITE	M6l	Ql	https://business.tankhapay.com/api/imprest/approve_reject_application
WRITE	hpg	Gt	https://business.tankhapay.com/api/imprest/approve_reject_application_by_id
READ	uGw	Tr	https://business.tankhapay.com/api/imprest/get_imprest_applications_filter
READ		o	https://business.tankhapay.com/api/imprest/get_imprest_master
READ	Ddc	Rt	https://business.tankhapay.com/api/imprest/get_ir_appl_by_account
UNKNOWN	mNF	So	https://business.tankhapay.com/api/imprest/manage_imprest_applications
WRITE	KWc	wo	https://business.tankhapay.com/api/insert_activity_logs
WRITE	UKf	ap	https://business.tankhapay.com/api/insert_asset_location_category
WRITE	r2r	_d	https://business.tankhapay.com/api/insert_update_approval_template
WRITE	QA3	Lc	https://business.tankhapay.com/api/insert_update_assets
WRITE	djD	sr	https://business.tankhapay.com/api/insert_update_dashboard_setting_data
WRITE	quo	Fu	https://business.tankhapay.com/api/internal/sendFirebaseNotification
UNKNOWN	$M$	Mn	https://business.tankhapay.com/api/is_url_expired
WRITE	mdZ	De	https://business.tankhapay.com/api/jusPayOrderResponse
WRITE	JjU	Fe	https://business.tankhapay.com/api/jusPaySessionOrder
WRITE	w$b	Fo	https://business.tankhapay.com/api/kafka_process_att_punches_hub
WRITE	tlX	ar	https://business.tankhapay.com/api/leave/approved_od_appl_by_applid
WRITE	W40	Xa	https://business.tankhapay.com/api/leave/bulkManageCompoff
WRITE	A8K	Pn	https://business.tankhapay.com/api/leave/check_template_is_editable
WRITE	qcP	pu	https://business.tankhapay.com/api/leave/generateBulkOpeningBalance
WRITE	iQ7	zd	https://business.tankhapay.com/api/leave/generate_leave_attendance_and_save
READ	S4Q	h	https://business.tankhapay.com/api/leave/getCompOffRequest
WRITE	EeZ	tn	https://business.tankhapay.com/api/leave/getGenerateOpeningBalance
READ	EWd	yn	https://business.tankhapay.com/api/leave/getOpeningLeaveBalance
WRITE	N0n	Y	https://business.tankhapay.com/api/leave/getUpdateLeaveBalance
READ	pTt	Mu	https://business.tankhapay.com/api/leave/get_comp_off_opening_balance
WRITE	NLh	pg	https://business.tankhapay.com/api/leave/get_employee_list_for_generate_leave
READ	Xtv	ps	https://business.tankhapay.com/api/leave/get_gatepass_data
READ	Q2A	Du	https://business.tankhapay.com/api/leave/get_leave_balance_by_account
READ	Vdz	Pu	https://business.tankhapay.com/api/leave/get_leave_encashment_details
READ	Ji8	Fp	https://business.tankhapay.com/api/leave/get_leave_type_extension_list
READ	rfJ	Sn	https://business.tankhapay.com/api/leave/get_od_appl_by_account
WRITE	UpM	Ld	https://business.tankhapay.com/api/leave/insert_update_global_leave_balance_by_empid
UNKNOWN	n93	s	https://business.tankhapay.com/api/leave/manageCompOffRequest
UNKNOWN	K6j	Ge	https://business.tankhapay.com/api/leave/manageWfhApplication
WRITE	mye	Pa	https://business.tankhapay.com/api/leave/manage_bulk_holiday_state
UNKNOWN	lwX	Gg	https://business.tankhapay.com/api/leave/manage_compoff_request
READ	EHZ	bu	https://business.tankhapay.com/api/leave/manage_leave_type_extension_list
WRITE	PIq	Tu	https://business.tankhapay.com/api/leave/save_leave_encashment
WRITE	x1N	pp	https://business.tankhapay.com/api/leave/updateBulkLeaveBalance
WRITE	dfC	p	https://business.tankhapay.com/api/leave/update_weekly_off_holiday_by_account
WRITE	VZU	c	https://business.tankhapay.com/api/leave/uploadCompOffDocument
WRITE	g$$	st	https://business.tankhapay.com/api/leave/uploadWfhDocument
WRITE	rhc	Np	https://business.tankhapay.com/api/leaves/addUpdateAttendanceType
WRITE	rM	Ai	https://business.tankhapay.com/api/leaves/add_update_leave_type
WRITE	lyM	_n	https://business.tankhapay.com/api/leaves/approved_leave_appl_by_applid
WRITE	EFA	uc	https://business.tankhapay.com/api/leaves/auto_apply_compoff
WRITE	SMh	cc	https://business.tankhapay.com/api/leaves/auto_apply_compoff_appl
WRITE	Qjq	lt	https://business.tankhapay.com/api/leaves/bulkEmployeeLeaveTemplate_hub
READ	N$i	ot	https://business.tankhapay.com/api/leaves/getEmployeeleave_history
READ	yft	Me	https://business.tankhapay.com/api/leaves/getLeaveTemplate
READ	Rm7	No	https://business.tankhapay.com/api/leaves/get_Leave_appl_by_account_empid
READ	LRe	jo	https://business.tankhapay.com/api/leaves/get_emp_monthly_leave_taken_history
READ	hG9	Rr	https://business.tankhapay.com/api/leaves/get_employee_leave_balance
READ	bgf	L	https://business.tankhapay.com/api/leaves/get_employee_leave_balance_el
WRITE	K9G	Os	https://business.tankhapay.com/api/leaves/get_leave_general_settings
READ	VZU	c	https://business.tankhapay.com/api/leaves/get_leave_taken_history
READ	d_C	ho	https://business.tankhapay.com/api/leaves/get_leave_types_by_account
READ	UcX	Ce	https://business.tankhapay.com/api/leaves/get_tp_leave_temeplate
WRITE	oZM	ea	https://business.tankhapay.com/api/leaves/leave_type_enable_desable
UNKNOWN	vlF	fe	https://business.tankhapay.com/api/leaves/manageCustomerLeaveTemplate_hub
UNKNOWN	RCZ	Wt	https://business.tankhapay.com/api/leaves/manageEmployeeLeaveTemplate_hub
UNKNOWN	JGt	Rp	https://business.tankhapay.com/api/leaves/manage_global_config
WRITE	JEV	Ts	https://business.tankhapay.com/api/leaves/upsert_leave_general_settings
READ	U4c	Rg	https://business.tankhapay.com/api/livetrack/get_employee_list_for_live_tracking
WRITE	xDB	ss	https://business.tankhapay.com/api/livetrack/update_live_tracking
READ	G$k	Ro	https://business.tankhapay.com/api/livetracking/getEmployeeKilometers
READ	CU9	Jd	https://business.tankhapay.com/api/livetracking/getEmployeeKilometersDayWise
READ	fT7	Qp	https://business.tankhapay.com/api/livetracking/getLiveTrackingReports
UNKNOWN	cse	ie	https://business.tankhapay.com/api/login
READ	TtB	cp	https://business.tankhapay.com/api/manage_approval_master
READ	WOP	lu	https://business.tankhapay.com/api/manage_audit_report_wfm
UNKNOWN	B9J	jd	https://business.tankhapay.com/api/manage_background_verification
UNKNOWN	vxI	xg	https://business.tankhapay.com/api/manage_birthday_email_template
WRITE	gRw	Kg	https://business.tankhapay.com/api/manage_process_biomatric_data
UNKNOWN	Lsx	wp	https://business.tankhapay.com/api/manage_shift_roster
WRITE	HRY	yu	https://business.tankhapay.com/api/markExitFormSentToEmployee
READ	$iU	to	https://business.tankhapay.com/api/master/GetMinWageCategoryByState
READ	Gzb	vd	https://business.tankhapay.com/api/master/attendanceOnly
READ	ff3	ro	https://business.tankhapay.com/api/master/bulk_insert_holiday_master
READ	Rf1	dn	https://business.tankhapay.com/api/master/contractrenewal
READ	DJU	Fr	https://business.tankhapay.com/api/master/getAll_Holiday_state
READ	aFp	xn	https://business.tankhapay.com/api/master/getAll_state
READ	TMr	Bp	https://business.tankhapay.com/api/master/getCalculationBasis
READ	jWY	au	https://business.tankhapay.com/api/master/getDeptWiseEmployees
READ	nhf	yi	https://business.tankhapay.com/api/master/get_master_data
READ	_qM	Be	https://business.tankhapay.com/api/master/get_unitSalaryStructure_data
READ	S69	Dl	https://business.tankhapay.com/api/master/insertLetterHead
READ	z2o	vs	https://business.tankhapay.com/api/master/leaveApplicationApproval
READ	TqG	In	https://business.tankhapay.com/api/master/leaveApplicationRejection
READ	J52	zp	https://business.tankhapay.com/api/master/manage_holiday_state_unit_master
READ	X43	Le	https://business.tankhapay.com/api/master/manage_holidays_master
READ	KKA	bl	https://business.tankhapay.com/api/master/manage_tp_master
READ	HgT	ns	https://business.tankhapay.com/api/master/mapEmployee
READ	Rvh	Na	https://business.tankhapay.com/api/master/reimbursementClaim
READ	s_K	C	https://business.tankhapay.com/api/master/saveCustomSalaryStructure_unit
READ	ELy	Ns	https://business.tankhapay.com/api/master/saveDepartmentDirect
READ	WNP	es	https://business.tankhapay.com/api/master/saveDepartmentUnit
READ	bZ7	is	https://business.tankhapay.com/api/master/saveDesignation
READ	$Wr	fs	https://business.tankhapay.com/api/master/saveDesignationUnit
READ	NIt	Bd	https://business.tankhapay.com/api/master/saveOrUpdateFunctionalDesignation
READ	Nqp	Fs	https://business.tankhapay.com/api/master/saveUpdateUnit
READ	O8b	q_	https://business.tankhapay.com/api/master/sendWhatsAppWish
READ	StP	ko	https://business.tankhapay.com/api/master/show_bus_setting_page
READ	e6x	Oo	https://business.tankhapay.com/api/master/updateEmployeesOUandGeoFencingId
READ	Sz_	Lt	https://business.tankhapay.com/api/master/update_employer_mobile_email
READ	SN7	Qn	https://business.tankhapay.com/api/master/update_employer_mobile_email_hub
READ	ipQ	gd	https://business.tankhapay.com/api/master/useSession
READ	jUd	Mp	https://business.tankhapay.com/api/masters/getTpayEmpDetails
READ	NnX	Zd	https://business.tankhapay.com/api/meal/getDetailMealVoucher
READ	W90	Gp	https://business.tankhapay.com/api/meal/getMasterMealVoucher
READ	pIf	zg	https://business.tankhapay.com/api/meal/manageMasterMealVoucher
WRITE	lNK	sf	https://business.tankhapay.com/api/minimum-wages/addwagescategory
WRITE	jQ$	oh	https://business.tankhapay.com/api/minimum-wages/editminwagemaster
READ	PT5	Y_	https://business.tankhapay.com/api/minimum-wages/getminwagemasterlist
READ	Sxr	nh	https://business.tankhapay.com/api/minimum-wages/getwagescategories
UNKNOWN	rUX	om	https://business.tankhapay.com/api/minimum-wages/parseminwagedocument
WRITE	KmB	rh	https://business.tankhapay.com/api/minimum-wages/saveminwagemaster
WRITE	xQ$	pi	https://business.tankhapay.com/api/office/syncattpunch
READ	Ui$	Ls	https://business.tankhapay.com/api/orgchart/get_tp_hierarchy
UNKNOWN	vxd	Bs	https://business.tankhapay.com/api/orgchart/manage_tp_hierarchy
WRITE	hz7	Rn	https://business.tankhapay.com/api/otp_send_mobile_email_update
WRITE	OmJ	gt	https://business.tankhapay.com/api/otp_verify_mobile_email_update
WRITE	TDD	sh	https://business.tankhapay.com/api/outSider/RemoveJivoDsrDaData
WRITE	qvE	Zi	https://business.tankhapay.com/api/outSider/SaveJivoDsrDaData
READ	Gar	dl	https://business.tankhapay.com/api/outSider/getJivoDSRDA_data
WRITE	euk	bg	https://business.tankhapay.com/api/payout/getMultiPayout
WRITE	bfF	bp	https://business.tankhapay.com/api/payout/saveMultiPayout
WRITE	Kad	Yr	https://business.tankhapay.com/api/payoutApi/CalcReciebaleFromBaseAmount
WRITE	WTi	po	https://business.tankhapay.com/api/payoutApi/GenerateRequiredAmountPI
WRITE	t$M	xa	https://business.tankhapay.com/api/payoutApi/GetPaymentModeTypes
WRITE	UDX	J	https://business.tankhapay.com/api/payoutApi/GetVpaDetails
WRITE	Ew6	Ur	https://business.tankhapay.com/api/payoutApi/UpdateSalaryStatus
WRITE	RE4	ii	https://business.tankhapay.com/api/payoutApi/bulkPayout
WRITE	yG2	th	https://business.tankhapay.com/api/payoutApi/getStartingPaymentSubscription
WRITE	nT3	gr	https://business.tankhapay.com/api/payoutApi/get_employer_montly_subscription
WRITE	axE	Ie	https://business.tankhapay.com/api/payoutApi/manual_transfer
WRITE	T5f	br	https://business.tankhapay.com/api/payoutApi/paysalary
WRITE	Wix	kn	https://business.tankhapay.com/api/payoutApi/save_receivables
WRITE	jYl	Kd	https://business.tankhapay.com/api/payrolling/bulkIncrement
WRITE	ucN	so	https://business.tankhapay.com/api/payrolling/fetchSmartSetupCandidates
WRITE	mho	Zg	https://business.tankhapay.com/api/payrolling/getSmartSalaryManagement
WRITE	uI4	Qa	https://business.tankhapay.com/api/payrolling/getSmartpayrollCandidates
WRITE	AXo	Es	https://business.tankhapay.com/api/payrolling/saveBulkPreparedSalary
WRITE	sL7	Jg	https://business.tankhapay.com/api/payrolling/saveBulkSalaryStructure
WRITE	o8J	Tg	https://business.tankhapay.com/api/piece/createSalaryFromEarnings
WRITE	tBi	kg	https://business.tankhapay.com/api/piece/deleteEmployeeProduct
WRITE	kZc	Ig	https://business.tankhapay.com/api/piece/deleteProducts
READ	jyj	Ag	https://business.tankhapay.com/api/piece/getEmployeePieceReport
READ	QVv	Ip	https://business.tankhapay.com/api/piece/getPiecerateEmployees
READ	EOg	wg	https://business.tankhapay.com/api/piece/getProductDetails
READ	Gtm	Ap	https://business.tankhapay.com/api/piece/manageMasterProducts
WRITE	X0W	Sg	https://business.tankhapay.com/api/piece/saveEmployeeItemCreated
WRITE	zL8	qd	https://business.tankhapay.com/api/policy/get_attendance_remark_setting
UNKNOWN	Ehe	Sl	https://business.tankhapay.com/api/policy/manageEmpAppSettings
UNKNOWN	Y0K	gs	https://business.tankhapay.com/api/policy/managePolicy
UNKNOWN	uNS	Us	https://business.tankhapay.com/api/policy/manageProjects
UNKNOWN	jdi	ql	https://business.tankhapay.com/api/policy/manageResources
UNKNOWN	p9E	tc	https://business.tankhapay.com/api/policy/managevendors
WRITE	m7I	Iu	https://business.tankhapay.com/api/policy/save_attendance_remark_setting
WRITE	zQN	Xe	https://business.tankhapay.com/api/process_att_punches_hub
UNKNOWN	O6D	Uc	https://business.tankhapay.com/api/recruit/allCandidates
UNKNOWN	DxI	vl	https://business.tankhapay.com/api/recruit/allTemplateFieldName
UNKNOWN	rkf	fd	https://business.tankhapay.com/api/recruit/allTemplateFields
UNKNOWN	Pfi	Vn	https://business.tankhapay.com/api/recruit/allTemplateType
UNKNOWN	RY7	dd	https://business.tankhapay.com/api/recruit/allTemplates
UNKNOWN	pVs	An	https://business.tankhapay.com/api/recruit/candidateActions
UNKNOWN	XH0	Sa	https://business.tankhapay.com/api/recruit/letterTEmplateById
UNKNOWN	Q21	wa	https://business.tankhapay.com/api/recruit/mapTPCode
UNKNOWN	E8N	Rs	https://business.tankhapay.com/api/recruit/offerLetterActions
WRITE	mg1	yl	https://business.tankhapay.com/api/recruit/saveEmailJson
UNKNOWN	Unu	Vc	https://business.tankhapay.com/api/recruit/templateActions
WRITE	p4	Lr	https://business.tankhapay.com/api/redis/deleteAllCacheKeysForAccount
READ	PUc	Zo	https://business.tankhapay.com/api/refresh_account_details
WRITE	VhV	jc	https://business.tankhapay.com/api/remove_verify_assets
READ	qQp	xp	https://business.tankhapay.com/api/report/getDynamicReportData
READ	z45	Cu	https://business.tankhapay.com/api/report/getDynamicReportFilters
READ	Oyq	Dp	https://business.tankhapay.com/api/report/getDynamicReportList
READ	Uum	Mg	https://business.tankhapay.com/api/report/getDynamicReportMaster
READ	AtK	xd	https://business.tankhapay.com/api/report/manage_report_columns_wfm
READ	VYA	Ep	https://business.tankhapay.com/api/report/saveDynamicReport
WRITE	cOl	Nn	https://business.tankhapay.com/api/reset_password
WRITE	YWS	ni	https://business.tankhapay.com/api/saveAttendancefromClient
WRITE	goo	Ws	https://business.tankhapay.com/api/saveExitQuestionnaire
WRITE	aEc	f	https://business.tankhapay.com/api/saveLocationTransferHistory
WRITE	zrF	hd	https://business.tankhapay.com/api/save_remove_confirm_release_asset
WRITE	Mwd	vu	https://business.tankhapay.com/api/sendEmailExitRemainder
WRITE	V$B	ye	https://business.tankhapay.com/api/send_OTP
READ	Ogi	Vd	https://business.tankhapay.com/api/shift/getMasterShift
WRITE	Mh6	Ng	https://business.tankhapay.com/api/shift/saveUpdateShiftDetail
WRITE	oQg	G_	https://business.tankhapay.com/api/shift/updateShiftPolicyDetails
WRITE	xPg	hg	https://business.tankhapay.com/api/submitApprovalFeedbackForm
WRITE	SLT	rc	https://business.tankhapay.com/api/submitExitClearanceForm
UNKNOWN	n5m	io	https://business.tankhapay.com/api/superset/accessToken
WRITE	i8M	be	https://business.tankhapay.com/api/tp/add_new_employee
READ	O5i	Oa	https://business.tankhapay.com/api/travel/getAllTravelExpenseDetails
READ	Nbk	Ta	https://business.tankhapay.com/api/travel/getAllTravelRequestSummary
WRITE	h$C	vo	https://business.tankhapay.com/api/travel/updateTravelReqExpStatus
WRITE	hxe	_p	https://business.tankhapay.com/api/updateVerficationStatus
WRITE	uzW	md	https://business.tankhapay.com/api/update_employer_logo_path
WRITE	XbQ	Et	https://business.tankhapay.com/api/user-mgmt/addSubmodule
WRITE	wRt	Jp	https://business.tankhapay.com/api/user-mgmt/deleteRole
READ	xrZ	at	https://business.tankhapay.com/api/user-mgmt/getAllUsers
READ	KwK	Hr	https://business.tankhapay.com/api/user-mgmt/getGeoFencing
READ	SXE	fr	https://business.tankhapay.com/api/user-mgmt/getModules
READ	o1P	Qo	https://business.tankhapay.com/api/user-mgmt/getPrivilege
READ	lkJ	Yn	https://business.tankhapay.com/api/user-mgmt/getRoleById
READ	kmj	Re	https://business.tankhapay.com/api/user-mgmt/getRoles
READ	PIh	bo	https://business.tankhapay.com/api/user-mgmt/get_url_access_right_global
WRITE	L0k	xt	https://business.tankhapay.com/api/user-mgmt/registerSubUser
WRITE	B_u	xi	https://business.tankhapay.com/api/user-mgmt/savePrivilege
WRITE	Yue	Ft	https://business.tankhapay.com/api/user-mgmt/saveRole
WRITE	pOI	mt	https://business.tankhapay.com/api/user-mgmt/saveUser
WRITE	_l4	rp	https://business.tankhapay.com/api/validate_paymentlink_by_orderid
READ	MH5	q	https://business.tankhapay.com/api/verify_OTP
READ	Pom	Qg	https://business.tankhapay.com/api/verify_OTP_enc
WRITE	BVi	Si	https://business.tankhapay.com/api/visitor/Update_visitor
WRITE	RJx	R	https://business.tankhapay.com/api/visitor/check_in_out_visitor
WRITE	kjS	wi	https://business.tankhapay.com/api/visitor/saveVisitor
WRITE	IG2	O	https://business.tankhapay.com/api/visitor/save_visitor_card
WRITE	IMk	E	https://business.tankhapay.com/api/visitor/send_visitor_otp
WRITE	NJV	Ar	https://business.tankhapay.com/api/visitor/update_blacklist_visitor
WRITE	zJi	G	https://business.tankhapay.com/api/visitor/verify_visitor_otp
READ	s2Q	Is	https://business.tankhapay.com/api/visitor/visiting_card_list
READ	Bx$	Ae	https://business.tankhapay.com/api/visitor/visitor_card_details
READ	ctY	Wi	https://business.tankhapay.com/api/visitor/visitor_list
READ	cR1	Z	https://business.tankhapay.com/api/visitor/visitor_summary
WRITE	WQz	Jt	https://business.tankhapay.com/api/welcomeSendMail
WRITE	c0I	jl	https://mobapi.tankhapay.com//api/ReimbursementClaims/AddEditReimbursementClaim
READ	n93	s	https://mobapi.tankhapay.com//api/ReimbursementClaims/GetAllReimbursementClaims
WRITE	xs	ta	https://mobapi.tankhapay.com/Api/TPFaceCheckIn/GetFaceCheckInUserListing
WRITE	Xd5	Jo	https://mobapi.tankhapay.com/api/CustomerTransactionsApi/getFundAddedTransactionsDetails
WRITE	$yH	Q	https://mobapi.tankhapay.com/api/EmployeeSendApplink
READ	jvM	fa	https://mobapi.tankhapay.com/api/Insurance/GetCandidateEsicDependents
WRITE	jpK	Ui	https://mobapi.tankhapay.com/api/Insurance/SaveEsicDependents
READ	tS_	Xl	https://mobapi.tankhapay.com/api/MasterApi/GetEsicRelationship
READ	zKZ	Uo	https://mobapi.tankhapay.com/api/MasterApi/GetStateEsiDispensaries
WRITE	iKi	Vl	https://mobapi.tankhapay.com/api/ReimbursementClaims/DeleteReimbursementClaim
UNKNOWN	q9i	Gs	https://mobapi.tankhapay.com/api/TpCandidateAPI/CalcTpFlexiSalaryComponents
READ	Myg	ud	https://mobapi.tankhapay.com/api/TpCandidateAPI/GetSalarySlipURL
READ	B7z	oo	https://mobapi.tankhapay.com/api/TpCandidateAPI/GetTpFlexiSalary
WRITE	ACo	ec	https://mobapi.tankhapay.com/api/TpCandidateAPI/SaveTpFlexiSalaryComponents
WRITE	sq7	ba	https://mobapi.tankhapay.com/api/TpCandidateAPI/sendCustumFCM
WRITE	ukC	Eu	https://mobapi.tankhapay.com/api/TpCandidateAPIController/GetTpCheckInOutSummaryDetailReport
READ	bXd	Yl	https://mobapi.tankhapay.com/api/TpTaxesApi/GetEmpRegimeAndTaxProjection
READ	YoZ	b	https://mobapi.tankhapay.com/api/TpTaxesApi/GetHomeLoanDetails
WRITE	Lbn	Sd	https://mobapi.tankhapay.com/api/TpTaxesApi/SaveEmpInvestment
WRITE	LWm	oe	https://mobapi.tankhapay.com/api/TpTaxesApi/SaveEmpRentDetails
WRITE	Njj	T	https://mobapi.tankhapay.com/api/TpTaxesApi/SaveHomeLoan
READ	QNb	_e	https://mobapi.tankhapay.com/api/TpTaxesApi/getEmpRentDetails
WRITE	eV7	Ad	https://mobapi.tankhapay.com/api/approveRejectCompOffRequest
WRITE	Mqq	ri	https://mobapi.tankhapay.com/api/approveRejectMissPunch
WRITE	yFF	_r	https://mobapi.tankhapay.com/api/approveRejectOnduty
WRITE		i	https://mobapi.tankhapay.com/api/approveRejectTravelExpense
WRITE	pn1	Ha	https://mobapi.tankhapay.com/api/approveRejectWfhRequest
WRITE	FeW	ou	https://mobapi.tankhapay.com/api/approveTravelRequest
WRITE	c0i	af	https://mobapi.tankhapay.com/api/dinventory/assignDInventoryEmpRole
WRITE	tKL	lm	https://mobapi.tankhapay.com/api/dinventory/getAssignedDInventoryProductList
READ	Uh_	Ou	https://mobapi.tankhapay.com/api/dinventory/getDInventoryEmpList
READ	zYF	ah	https://mobapi.tankhapay.com/api/dinventory/getEmpProductList
READ	mCG	cm	https://mobapi.tankhapay.com/api/dinventory/getEmpProductListByStatus
WRITE	HPy	fc	https://mobapi.tankhapay.com/api/dinventory/saveDInventory
UNKNOWN	ymy	J_	https://mobapi.tankhapay.com/api/dinventory/validateBarcodes_tpself
WRITE	AFw	B	https://mobapi.tankhapay.com/api/employer/employerStartingPaymentset
READ	pnp	P	https://mobapi.tankhapay.com/api/employer/getAll_district
READ	x2T	Kl	https://mobapi.tankhapay.com/api/employer/getAll_state
READ	J$L	S	https://mobapi.tankhapay.com/api/employer/getEmployer_status
WRITE	rd9	X	https://mobapi.tankhapay.com/api/employer_login_otp_send
WRITE	YIr	U	https://mobapi.tankhapay.com/api/employer_register
READ	fGu	H	https://mobapi.tankhapay.com/api/get_employer_aggreement
READ	FJf	Pd	https://mobapi.tankhapay.com/api/get_faq_category
WRITE	s1T	m	https://mobapi.tankhapay.com/api/gst_verify_without_otp
WRITE	cLb	ve	https://mobapi.tankhapay.com/api/hdfcPaymentStatus
WRITE	vUl	Ul	https://mobapi.tankhapay.com/api/leave/apply_leave_appl
READ	QS5	Dd	https://mobapi.tankhapay.com/api/leave/get_Leave_appl_filter
WRITE	FwP	da	https://mobapi.tankhapay.com/api/leave/remove_applied_leave
READ	Kam	mu	https://mobapi.tankhapay.com/api/livetrack/get_live_tracking_data_mobile
READ	g$1	Z_	https://mobapi.tankhapay.com/api/livetrack/live_tracking_get_route_distance
WRITE	$nw	fm	https://mobapi.tankhapay.com/api/livetrack/live_tracking_get_setting
WRITE	f0K	pm	https://mobapi.tankhapay.com/api/livetrack/live_tracking_save_route_distance
READ		a	https://mobapi.tankhapay.com/api/master/getTravelMaster
READ	neV	Td	https://mobapi.tankhapay.com/api/policy/hrPolicyList
WRITE	JdD	fp	https://mobapi.tankhapay.com/api/tndApp/employeeTrainingMarkAttendance
READ	YeG	iu	https://mobapi.tankhapay.com/api/tndApp/getCalenderRecordsByEmployee
READ	qAD	Jl	https://mobapi.tankhapay.com/api/tndApp/previewFeedbackAnswer
READ	K9K	Zl	https://mobapi.tankhapay.com/api/tndApp/previewTrainingExamAnswer
READ	jqx	ru	https://mobapi.tankhapay.com/api/travel/getTravelExpenseDetails
READ	Nj6	Ua	https://mobapi.tankhapay.com/api/travel/getTravelSummary
WRITE	MlR	zl	https://mobapi.tankhapay.com/api/travel/saveTravelDetails
WRITE	gJL	Wl	https://mobapi.tankhapay.com/api/travel/updateTravelExpenseDetails
WRITE	NwH	v	https://mobapi.tankhapay.com/api/updateEmployerBillingCompany
WRITE	V8U	r	https://mobapi.tankhapay.com/api/updateProductType
READ	Bzz	K	https://mobapi.tankhapay.com/api/verify_user_otp
READ	y5s	Mo	https://mobapi.tankhapay.com/mobile_api/employee/attendance/GetKYCBenifitsData
UNKNOWN	NKO	wd	https://mobapi.tankhapay.com/mobile_api/employee/query/query_trail
WRITE	rw4	Vo	https://mobapi.tankhapay.com/mobile_api/employee/query/save_query
WRITE		l	https://mobapi.tankhapay.com/mobile_api/employee/query/save_query_trail
UNKNOWN	huC	nu	https://mobapi.tankhapay.com/mobile_api/employee/query/tickets
UNKNOWN	K40	La	https://mobapi.tankhapay.com/mobile_api/employee/query/type
WRITE	g5Z	rn	https://tnd.tankhapay.com/api/TpayCareerWeb/GetCustomerAccIDByDomainName
READ	PI0	Gc	https://tnd.tankhapay.com/api/branding/get_branding_detail
WRITE	iVE	zo	https://tnd.tankhapay.com/api/pms/createskillsettag
WRITE	hY0	kd	https://tnd.tankhapay.com/api/pms/createupdatefeedbackcat
WRITE	B4w	_g	https://tnd.tankhapay.com/api/pms/createupdateskillset
READ	Sos	Un	https://tnd.tankhapay.com/api/pms/getEmpCompletedCycle
READ	rUK	cr	https://tnd.tankhapay.com/api/pms/getEmpSummary
READ	mXg	mg	https://tnd.tankhapay.com/api/pms/getconfigdata
READ	ttw	vg	https://tnd.tankhapay.com/api/pms/getmethodslist
WRITE	CjP	mp	https://tnd.tankhapay.com/api/pms/saveupdateconfig
WRITE	Ma9	Nd	https://tnd.tankhapay.com/api/pms/uploadpmsfile
WRITE	Dps	mo	https://tnd.tankhapay.com/api/recruit/saveJobPosting