READ	https://business.tankhapay.com/api/attendance/CheckAdvanceForAssociate
READ	https://business.tankhapay.com/api/attendance/check_expense_limit
READ	https://business.tankhapay.com/api/attendance/fetchArearByMonthYearEmpCode
READ	https://business.tankhapay.com/api/attendance/getEmployeePolicyDetails
READ	https://business.tankhapay.com/api/attendance/getEmployeesForLedger
READ	https://business.tankhapay.com/api/attendance/getEmployerMonthAttendance
READ	https://business.tankhapay.com/api/attendance/getEmployerMonthAttendance_for_excel
READ	https://business.tankhapay.com/api/attendance/getEmployerTodayRequiredAttendance
READ	https://business.tankhapay.com/api/attendance/getManualSalaryInfo
READ	https://business.tankhapay.com/api/attendance/getUnitConsolidatedAttendance
READ	https://business.tankhapay.com/api/attendance/getUnitTodayAttendance
READ	https://business.tankhapay.com/api/attendance/get_att_master_list
READ	https://business.tankhapay.com/api/attendance/get_break_details
READ	https://business.tankhapay.com/api/attendance/get_calendar
READ	https://business.tankhapay.com/api/attendance/get_employer_today_attendance
READ	https://business.tankhapay.com/api/attendance/get_employer_today_attendance_new
READ	https://business.tankhapay.com/api/attendance/get_master_list
READ	https://business.tankhapay.com/api/attendance/get_master_shift
READ	https://business.tankhapay.com/api/attendance/get_month_dates_days
READ	https://business.tankhapay.com/api/attendance/get_monthly_attendance
READ	https://business.tankhapay.com/api/attendance/get_shift_details
READ	https://business.tankhapay.com/api/attendance/get_timesheet_data
READ	https://business.tankhapay.com/api/attendance/manageDeviationSalaryDetails
READ	https://business.tankhapay.com/api/attendance/tea_allowance_rate
READ	https://business.tankhapay.com/api/attendance/viewArrearDetails
READ	https://business.tankhapay.com/api/device/get_business_device
READ	https://business.tankhapay.com/api/fetchAttendancefromClient
READ	https://business.tankhapay.com/api/getAttendancePunchData
READ	https://business.tankhapay.com/api/getCheckinCheckoutReport
READ	https://business.tankhapay.com/api/get_custom_month_attendance
READ	https://business.tankhapay.com/api/livetrack/get_employee_list_for_live_tracking
READ	https://business.tankhapay.com/api/livetracking/getEmployeeKilometers
READ	https://business.tankhapay.com/api/livetracking/getEmployeeKilometersDayWise
READ	https://business.tankhapay.com/api/livetracking/getLiveTrackingReports
READ	https://business.tankhapay.com/api/shift/getMasterShift
READ	https://mobapi.tankhapay.com/api/livetrack/get_live_tracking_data_mobile
READ	https://mobapi.tankhapay.com/api/livetrack/live_tracking_get_route_distance
UNKNOWN	https://business.tankhapay.com/api/attendance/inactiveAttendanceByIds
UNKNOWN	https://business.tankhapay.com/api/attendance/manageAdvices
UNKNOWN	https://business.tankhapay.com/api/attendance/manage_timesheet_data
UNKNOWN	https://business.tankhapay.com/api/device/manage_business_device
UNKNOWN	https://business.tankhapay.com/api/forgot_password
UNKNOWN	https://business.tankhapay.com/api/manage_shift_roster
WRITE	https://business.tankhapay.com/api/FaceApi/markAttendance
WRITE	https://business.tankhapay.com/api/FaceApi/registerFace
WRITE	https://business.tankhapay.com/api/TpBusinessAPI/approveRejectMissedPunchAttendance
WRITE	https://business.tankhapay.com/api/TpCandidateAPIController/syncBioMatricCheckInOutData
WRITE	https://business.tankhapay.com/api/TpCandidateCheckInOut/CalculateDeviationFines
WRITE	https://business.tankhapay.com/api/TpCandidateCheckInOut/UpdateDeviationFines
WRITE	https://business.tankhapay.com/api/approveRejectFaceRegister
WRITE	https://business.tankhapay.com/api/attendance/SaveTpVoucher
WRITE	https://business.tankhapay.com/api/attendance/TpCheckInOut
WRITE	https://business.tankhapay.com/api/attendance/activePunchAttendanceByIds
WRITE	https://business.tankhapay.com/api/attendance/att_file_upload
WRITE	https://business.tankhapay.com/api/attendance/bulkLedgerEntry
WRITE	https://business.tankhapay.com/api/attendance/bulk_deduction_upload
WRITE	https://business.tankhapay.com/api/attendance/create_bulk_advice
WRITE	https://business.tankhapay.com/api/attendance/create_employee_shift_mapping
WRITE	https://business.tankhapay.com/api/attendance/create_general_settings
WRITE	https://business.tankhapay.com/api/attendance/create_new_break
WRITE	https://business.tankhapay.com/api/attendance/create_new_shift
WRITE	https://business.tankhapay.com/api/attendance/create_shift_rotation
WRITE	https://business.tankhapay.com/api/attendance/create_shift_specific_settings
WRITE	https://business.tankhapay.com/api/attendance/deleteSingleConsolidatedAttendance
WRITE	https://business.tankhapay.com/api/attendance/delete_department
WRITE	https://business.tankhapay.com/api/attendance/delete_designation
WRITE	https://business.tankhapay.com/api/attendance/delete_orgunit
WRITE	https://business.tankhapay.com/api/attendance/enable_disable_status
WRITE	https://business.tankhapay.com/api/attendance/generate_payment_advice
WRITE	https://business.tankhapay.com/api/attendance/getAttendancePunchDetails
WRITE	https://business.tankhapay.com/api/attendance/get_approved_days
WRITE	https://business.tankhapay.com/api/attendance/get_att_import_header
WRITE	https://business.tankhapay.com/api/attendance/get_attendance_updateby_history
WRITE	https://business.tankhapay.com/api/attendance/get_missed_punch_att
WRITE	https://business.tankhapay.com/api/attendance/get_shift_specific_settings
WRITE	https://business.tankhapay.com/api/attendance/kafka_reProcessEmployeeAttendance
WRITE	https://business.tankhapay.com/api/attendance/manageBulkAdvices
WRITE	https://business.tankhapay.com/api/attendance/manage_missed_punch_att
WRITE	https://business.tankhapay.com/api/attendance/reProcessEmployeeAttendance
WRITE	https://business.tankhapay.com/api/attendance/reProcessEmployeeAttendanceAdvance
WRITE	https://business.tankhapay.com/api/attendance/rejectManualSalary
WRITE	https://business.tankhapay.com/api/attendance/saveBulkDeviationSalaryDetails
WRITE	https://business.tankhapay.com/api/attendance/saveBulkManualSalaryInfo
WRITE	https://business.tankhapay.com/api/attendance/saveEditOtRules
WRITE	https://business.tankhapay.com/api/attendance/saveManualSalaryInfo
WRITE	https://business.tankhapay.com/api/attendance/saveUnitConsolidatedAttendance
WRITE	https://business.tankhapay.com/api/attendance/saveUpdateOtrule
WRITE	https://business.tankhapay.com/api/attendance/save_excel_bulk_att
WRITE	https://business.tankhapay.com/api/attendance/save_excel_bulk_att_new
WRITE	https://business.tankhapay.com/api/attendance/save_monthly_attendance
WRITE	https://business.tankhapay.com/api/attendance/save_monthly_attendance_bulk
WRITE	https://business.tankhapay.com/api/attendance/save_onduty_settings
WRITE	https://business.tankhapay.com/api/attendance/updateDeleteCheckIn
WRITE	https://business.tankhapay.com/api/attendance/updateManualTDS
WRITE	https://business.tankhapay.com/api/attendance/verifyArrear
WRITE	https://business.tankhapay.com/api/device/get_biometric_punch_config
WRITE	https://business.tankhapay.com/api/device/insert_business_device
WRITE	https://business.tankhapay.com/api/device/manage_biometric_punch_config
WRITE	https://business.tankhapay.com/api/device/remove_biometric_punch_config
WRITE	https://business.tankhapay.com/api/device/update_business_device_by_id
WRITE	https://business.tankhapay.com/api/kafka_process_att_punches_hub
WRITE	https://business.tankhapay.com/api/livetrack/update_live_tracking
WRITE	https://business.tankhapay.com/api/office/syncattpunch
WRITE	https://business.tankhapay.com/api/process_att_punches_hub
WRITE	https://business.tankhapay.com/api/saveAttendancefromClient
WRITE	https://business.tankhapay.com/api/shift/saveUpdateShiftDetail
WRITE	https://business.tankhapay.com/api/shift/updateShiftPolicyDetails
WRITE	https://mobapi.tankhapay.com/api/TpCandidateAPIController/GetTpCheckInOutSummaryDetailReport
WRITE	https://mobapi.tankhapay.com/api/approveRejectMissPunch
WRITE	https://mobapi.tankhapay.com/api/livetrack/live_tracking_get_setting
WRITE	https://mobapi.tankhapay.com/api/livetrack/live_tracking_save_route_distance