READ	https://business.tankhapay.com/api/GetCandidateDocumentMasterDetails
READ	https://business.tankhapay.com/api/GetDocumentMasterDetails
READ	https://business.tankhapay.com/api/GetExitDetails
READ	https://business.tankhapay.com/api/GetForm16Details
READ	https://business.tankhapay.com/api/GetServiceBookDetails
READ	https://business.tankhapay.com/api/TpCandidate/getExitEmployeeList
READ	https://business.tankhapay.com/api/TpLiveTrackingApi/GetEmployeeEventLiveTrackingDetails
READ	https://business.tankhapay.com/api/employee/GetStateProfessionalTax
READ	https://business.tankhapay.com/api/employee/GetTPSalaryStructure
READ	https://business.tankhapay.com/api/employee/checkKYCnum
READ	https://business.tankhapay.com/api/employee/checkUniqueDetails
READ	https://business.tankhapay.com/api/employee/checkUniqueForActiveEmp
READ	https://business.tankhapay.com/api/employee/educationDetails
READ	https://business.tankhapay.com/api/employee/employeeby_jsid
READ	https://business.tankhapay.com/api/employee/familyDetails
READ	https://business.tankhapay.com/api/employee/fetchEmployeesFromAPI
READ	https://business.tankhapay.com/api/employee/getAppointeeDetails
READ	https://business.tankhapay.com/api/employee/getCandidateDetails
READ	https://business.tankhapay.com/api/employee/getCandidatesWhoseSalarySetupIsPending
READ	https://business.tankhapay.com/api/employee/getCustomerEmployeeDetails
READ	https://business.tankhapay.com/api/employee/getDepWiseOTReport
READ	https://business.tankhapay.com/api/employee/getEmployeeProfile
READ	https://business.tankhapay.com/api/employee/getEmployerEmployeeFromApi
READ	https://business.tankhapay.com/api/employee/getEmployerOUorGeoFenceDetails
READ	https://business.tankhapay.com/api/employee/getLWFRateByStateCode
READ	https://business.tankhapay.com/api/employee/getLetterTemplateCategories
READ	https://business.tankhapay.com/api/employee/getLetterTemplateId
READ	https://business.tankhapay.com/api/employee/getMasterFieldsForTemplateType
READ	https://business.tankhapay.com/api/employee/getMasterLetters
READ	https://business.tankhapay.com/api/employee/getMasterSalaryStructure
READ	https://business.tankhapay.com/api/employee/getMasterTDS
READ	https://business.tankhapay.com/api/employee/getMaxEmpLimitByDep
READ	https://business.tankhapay.com/api/employee/getMinWageDays
READ	https://business.tankhapay.com/api/employee/getSalaryStructure
READ	https://business.tankhapay.com/api/employee/getTicketMaster
READ	https://business.tankhapay.com/api/employee/getTpCandidateDetails
READ	https://business.tankhapay.com/api/employee/getTpMinMaxPerDayWages
READ	https://business.tankhapay.com/api/employee/get_dashboard_notifications_data
READ	https://business.tankhapay.com/api/employee/getuserIdcardWeb
READ	https://business.tankhapay.com/api/employee/manageTemplateRefNo
READ	https://business.tankhapay.com/api/employee/manage_dashboard_notifications_data
READ	https://business.tankhapay.com/api/employee/trainingDetails
READ	https://business.tankhapay.com/api/getEmployeeMenu
READ	https://business.tankhapay.com/api/getExitReasonMaster
READ	https://business.tankhapay.com/api/get_asset_master
READ	https://business.tankhapay.com/api/get_asset_report
READ	https://business.tankhapay.com/api/get_assets
READ	https://mobapi.tankhapay.com/api/Insurance/GetCandidateEsicDependents
READ	https://mobapi.tankhapay.com/api/MasterApi/GetEsicRelationship
READ	https://mobapi.tankhapay.com/mobile_api/employee/attendance/GetKYCBenifitsData
UNKNOWN	https://business.tankhapay.com/api/businessEmployeeSSOLogin
UNKNOWN	https://business.tankhapay.com/api/employee
UNKNOWN	https://business.tankhapay.com/api/employee/CalcTPSalaryStructure
UNKNOWN	https://business.tankhapay.com/api/employee/SetTpCandidateRestructureMode
UNKNOWN	https://business.tankhapay.com/api/employee/calculateCandidateSalary
UNKNOWN	https://business.tankhapay.com/api/employee/calculateCandidateSalaryForExcel
UNKNOWN	https://business.tankhapay.com/api/employee/joinTpAttendanceCandidate
UNKNOWN	https://business.tankhapay.com/api/employee/lockUnlockAdvice
UNKNOWN	https://business.tankhapay.com/api/employee/manageCandidateAppointmentLetter
UNKNOWN	https://business.tankhapay.com/api/employee/manageOrgEmpCodeDelhivery
UNKNOWN	https://business.tankhapay.com/api/employee/manage_salary_structure
UNKNOWN	https://business.tankhapay.com/api/employee/rollback_employee_relieving
UNKNOWN	https://business.tankhapay.com/api/employee/rollback_tp_employee_relieving_crm
UNKNOWN	https://business.tankhapay.com/api/employee/setupSalary
UNKNOWN	https://business.tankhapay.com/api/employee/uspccalcgrossfromctc
UNKNOWN	https://business.tankhapay.com/api/employee/uspccalcgrossfromctc_withoutconveyance
UNKNOWN	https://business.tankhapay.com/api/employee/workExperience
UNKNOWN	https://business.tankhapay.com/api/employeeLoginByMob
UNKNOWN	https://mobapi.tankhapay.com/mobile_api/employee/query/query_trail
UNKNOWN	https://mobapi.tankhapay.com/mobile_api/employee/query/tickets
UNKNOWN	https://mobapi.tankhapay.com/mobile_api/employee/query/type
WRITE	https://business.tankhapay.com/api/AddCatagoryDocumentName
WRITE	https://business.tankhapay.com/api/AddEditDisciplinaryAction
WRITE	https://business.tankhapay.com/api/AddEditDocument
WRITE	https://business.tankhapay.com/api/AddEditExitDetails
WRITE	https://business.tankhapay.com/api/AddEditForm16
WRITE	https://business.tankhapay.com/api/AddEditRewards
WRITE	https://business.tankhapay.com/api/ChangeDocumentStatusAcceptReject
WRITE	https://business.tankhapay.com/api/DeleteDisciplinaryAction
WRITE	https://business.tankhapay.com/api/DeleteRewardDetails
WRITE	https://business.tankhapay.com/api/EditDisciplinaryAction
WRITE	https://business.tankhapay.com/api/EditRewards
WRITE	https://business.tankhapay.com/api/EnableDisableCatagoryDocument
WRITE	https://business.tankhapay.com/api/TPBusinessAPI/AddEditForm16ByPanCard
WRITE	https://business.tankhapay.com/api/TpCandidateDocumentAPI/assignDocumentToCandidate
WRITE	https://business.tankhapay.com/api/employee/AddCandidateLetters
WRITE	https://business.tankhapay.com/api/employee/SaveBulkPreparedSalary
WRITE	https://business.tankhapay.com/api/employee/SaveTpCandidateSalary
WRITE	https://business.tankhapay.com/api/employee/UpdateStatutoryCompliances
WRITE	https://business.tankhapay.com/api/employee/addEditLetterCateogory
WRITE	https://business.tankhapay.com/api/employee/addEditTemplate
WRITE	https://business.tankhapay.com/api/employee/createCustomSalaryStructure
WRITE	https://business.tankhapay.com/api/employee/createSupportRequest
WRITE	https://business.tankhapay.com/api/employee/createTicket
WRITE	https://business.tankhapay.com/api/employee/deleteLetterCtg
WRITE	https://business.tankhapay.com/api/employee/deleteMasterTemplate
WRITE	https://business.tankhapay.com/api/employee/generateAndUploadDocxPdf
WRITE	https://business.tankhapay.com/api/employee/generateDocxPdfPreview
WRITE	https://business.tankhapay.com/api/employee/generateOnlyOfficeToken
WRITE	https://business.tankhapay.com/api/employee/generateReviewDocx
WRITE	https://business.tankhapay.com/api/employee/getUpdateData
WRITE	https://business.tankhapay.com/api/employee/get_mst_business_setup
WRITE	https://business.tankhapay.com/api/employee/get_mst_business_setup_dynamic
WRITE	https://business.tankhapay.com/api/employee/insert_profile_photo
WRITE	https://business.tankhapay.com/api/employee/manage_payout_ticketing_workflow
WRITE	https://business.tankhapay.com/api/employee/remove_employee
WRITE	https://business.tankhapay.com/api/employee/saveConsultantSalarySetup
WRITE	https://business.tankhapay.com/api/employee/saveCustomSalaryStructure
WRITE	https://business.tankhapay.com/api/employee/save_profile_photo
WRITE	https://business.tankhapay.com/api/employee/syncEmployeeDetails
WRITE	https://business.tankhapay.com/api/employee/updateAadharDetails
WRITE	https://business.tankhapay.com/api/employee/updateActiveEmployeeDetails
WRITE	https://business.tankhapay.com/api/employee/updateAttendanceEmployeeDetails
WRITE	https://business.tankhapay.com/api/employee/updateEmpDetailsOnCRM
WRITE	https://business.tankhapay.com/api/employee/updateEmployeeDetails
WRITE	https://business.tankhapay.com/api/employee/updateEmployeeDetailsThroughApiProcess
WRITE	https://business.tankhapay.com/api/employee/updateEmployeeStatus
WRITE	https://business.tankhapay.com/api/employee/updateJoiningStatus
WRITE	https://business.tankhapay.com/api/employee/updateSalaryDaysOrDailyAllowanceRate
WRITE	https://business.tankhapay.com/api/employee/updateSyncStatus
WRITE	https://business.tankhapay.com/api/employee/updateTDSExemption
WRITE	https://business.tankhapay.com/api/employee/updateTpBankDetails
WRITE	https://business.tankhapay.com/api/employee/updateTpBasicDetails
WRITE	https://business.tankhapay.com/api/employee/updateTpKycDetails
WRITE	https://business.tankhapay.com/api/employee/verify_emp_mobile
WRITE	https://business.tankhapay.com/api/exitProcess/getExitFormMaster
WRITE	https://business.tankhapay.com/api/exitProcess/getFullAndFinalDetailsWrapper
WRITE	https://business.tankhapay.com/api/exitProcess/lock_and_upload_document
WRITE	https://business.tankhapay.com/api/exitProcess/reject_fnfSettlementData_wrapper
WRITE	https://business.tankhapay.com/api/exitProcess/relieve_employee_and_change_flag
WRITE	https://business.tankhapay.com/api/exitProcess/revertEmployeeExitProcess
WRITE	https://business.tankhapay.com/api/exitProcess/saveExitFormMaster
WRITE	https://business.tankhapay.com/api/exitProcess/save_fnfSettlementData_wrapper
WRITE	https://business.tankhapay.com/api/insert_asset_location_category
WRITE	https://business.tankhapay.com/api/insert_update_assets
WRITE	https://business.tankhapay.com/api/markExitFormSentToEmployee
WRITE	https://business.tankhapay.com/api/remove_verify_assets
WRITE	https://business.tankhapay.com/api/saveExitQuestionnaire
WRITE	https://business.tankhapay.com/api/save_remove_confirm_release_asset
WRITE	https://business.tankhapay.com/api/sendEmailExitRemainder
WRITE	https://business.tankhapay.com/api/submitExitClearanceForm
WRITE	https://business.tankhapay.com/api/tp/add_new_employee
WRITE	https://mobapi.tankhapay.com/Api/TPFaceCheckIn/GetFaceCheckInUserListing
WRITE	https://mobapi.tankhapay.com/api/EmployeeSendApplink
WRITE	https://mobapi.tankhapay.com/api/Insurance/SaveEsicDependents
WRITE	https://mobapi.tankhapay.com/mobile_api/employee/query/save_query
WRITE	https://mobapi.tankhapay.com/mobile_api/employee/query/save_query_trail